[streamline][info]log.cpp:131[logva] Log file C:\Users\stole\Documents\GitHub\SparkleEngine\Projects\Showcase\StreamlineLogs\sl.log opened on 11.06.2026 at 23-03-02
[23-03-02][streamline][info][tid:9608][0s:403ms:292us]pluginManager.cpp:429[setHostSDKVersion] Streamline v2.11.1.da40c631 - built on Fri Apr 10 11:04:28 2026 - host SDK v2.11.1
[23-03-02][streamline][info][tid:9608][0s:403ms:332us]ota.cpp:405[parseServerManifest] OTA feature sdk_0 version 2.11.0
[23-03-02][streamline][info][tid:9608][0s:403ms:346us]ota.cpp:405[parseServerManifest] OTA feature common_0 version 2.11.0
[23-03-02][streamline][info][tid:9608][0s:403ms:359us]ota.cpp:405[parseServerManifest] OTA feature deepdvc_0 version 2.11.0
[23-03-02][streamline][info][tid:9608][0s:403ms:370us]ota.cpp:405[parseServerManifest] OTA feature dlss_0 version 2.11.0
[23-03-02][streamline][info][tid:9608][0s:403ms:952us]ota.cpp:405[parseServerManifest] OTA feature dlss_d_0 version 2.11.0
[23-03-02][streamline][info][tid:9608][0s:403ms:972us]ota.cpp:405[parseServerManifest] OTA feature dlss_g_0 version 2.11.0
[23-03-02][streamline][info][tid:9608][0s:404ms:007us]ota.cpp:405[parseServerManifest] OTA feature nis_0 version 2.11.0
[23-03-02][streamline][info][tid:9608][0s:404ms:041us]ota.cpp:405[parseServerManifest] OTA feature nvperf_0 version 2.11.0
[23-03-02][streamline][info][tid:9608][0s:404ms:053us]ota.cpp:405[parseServerManifest] OTA feature pcl_0 version 2.11.0
[23-03-02][streamline][info][tid:9608][0s:404ms:061us]ota.cpp:405[parseServerManifest] OTA feature reflex_0 version 2.11.0
[23-03-02][streamline][info][tid:9608][0s:540ms:966us]ota.cpp:831[getNVDAArchitecture] Found NVIDIA GPUs, [000000535252E5F0]: 1
[23-03-02][streamline][info][tid:9608][0s:542ms:193us]ota.cpp:837[getNVDAArchitecture] Found GPU 0, arch=0x1b0
[23-03-02][streamline][info][tid:9608][0s:542ms:227us]ota.cpp:907[checkForOTA] Requesting optional updates!
[23-03-02][streamline][info][tid:9608][0s:542ms:323us]ota.cpp:246[invokeNGXUpdater] Invoking NGX Updater: C:\WINDOWS\System32\DriverStore\FileRepository\nvmii.inf_amd64_b154845e0640934c\nvngx_update.exe -cmsid 0 -feature sl_sdk_0 -api update -type zip -gpuarch 0x1B0 -bootstrap -optional
[23-03-02][streamline][info][tid:9608][0s:542ms:375us]pluginManager.cpp:548[findPlugins] Looking for plugins in C:\Users\stole\Documents\GitHub\SparkleEngine\artifacts\dev\projects\Showcase\editor\DevelopmentEditor\ ...
[23-03-02][streamline][info][tid:9608][0s:542ms:430us]pluginManager.cpp:1016[loadPlugins] Searching for OTA'd plugins...
[23-03-02][streamline][info][tid:9608][0s:542ms:656us]ota.cpp:831[getNVDAArchitecture] Found NVIDIA GPUs, [000000535252E300]: 1
[23-03-02][streamline][info][tid:9608][0s:542ms:666us]ota.cpp:837[getNVDAArchitecture] Found GPU 0, arch=0x1b0
[23-03-02][streamline][info][tid:9608][0s:542ms:730us]pluginManager.cpp:586[findAllOTAPlugins] Found OTA plugin: C:\ProgramData\NVIDIA/NGX/models/sl_dlss_0\versions\133888\files\1B0_E658703.dll
[23-03-02][streamline][info][tid:9608][0s:542ms:971us]ota.cpp:831[getNVDAArchitecture] Found NVIDIA GPUs, [000000535252E300]: 1
[23-03-02][streamline][info][tid:9608][0s:542ms:978us]ota.cpp:837[getNVDAArchitecture] Found GPU 0, arch=0x1b0
[23-03-02][streamline][info][tid:9608][0s:543ms:027us]pluginManager.cpp:586[findAllOTAPlugins] Found OTA plugin: C:\ProgramData\NVIDIA/NGX/models/sl_common_0\versions\133888\files\1B0_E658703.dll
[23-03-02][streamline][info][tid:9608][0s:543ms:250us]ota.cpp:831[getNVDAArchitecture] Found NVIDIA GPUs, [000000535252E300]: 1
[23-03-02][streamline][info][tid:9608][0s:543ms:271us]ota.cpp:837[getNVDAArchitecture] Found GPU 0, arch=0x1b0
[23-03-02][streamline][info][tid:9608][0s:543ms:297us]pluginManager.cpp:586[findAllOTAPlugins] Found OTA plugin: C:\ProgramData\NVIDIA/NGX/models/sl_pcl_0\versions\133888\files\1B0_E658703.dll
[23-03-02][streamline][info][tid:9608][0s:562ms:157us]plugin.cpp:89[isAppDenylisted] Plugin path: C:\ProgramData\NVIDIA\NGX\models\sl_common_0\versions\133888\files\
[23-03-02][streamline][info][tid:9608][0s:562ms:348us]ota.cpp:656[readServerMappings] Reading SL mapping file at: C:\ProgramData\NVIDIA/NGX/models/config\versions\1\files\nvngx_mapping.json
[23-03-02][streamline][info][tid:9608][0s:562ms:412us]ota.cpp:503[parseMappingFile] Mapped Engine ue4 v.* Project ID 3F9D696D4363312194B0ECB2671E899F to App ID 0x5FA3A53 (from CMS ID 0xB9FBD50)
[23-03-02][streamline][info][tid:9608][0s:562ms:440us]plugin.cpp:133[isAppDenylisted] No mapping found for project ID 535041524B4C45454E47494E45303031 (engine vSparkleEngine-Development)
[23-03-02][streamline][info][tid:9608][0s:562ms:450us]plugin.cpp:142[isAppDenylisted] Checking SL OTA denylist for appid=0x600e37b
[23-03-02][streamline][info][tid:9608][0s:562ms:477us]ota.cpp:630[readServerDenylist] Reading SL denylist file at: C:\ProgramData\NVIDIA/NGX/models/config\versions\1\files\nvngx_deny_list.txt
[23-03-02][streamline][info][tid:9608][0s:562ms:533us]commonInterface.cpp:154[getSystemCaps] Enumerating up to 8 adapters but only one of them can be used to create a device - no mGPU support in this SDK
[23-03-02][streamline][info][tid:9608][0s:563ms:557us]commonInterface.cpp:276[getSystemCaps] >-----------------------------------------
[23-03-02][streamline][info][tid:9608][0s:563ms:614us]commonInterface.cpp:279[getSystemCaps] NVIDIA driver 610.47
[23-03-02][streamline][info][tid:9608][0s:565ms:218us]commonInterface.cpp:304[getSystemCaps] Adapter 0 architecture 0x1b0 implementation 0x5 revision 0xa1 - bit 0x1 - LUID 0.76268
[23-03-02][streamline][info][tid:9608][0s:565ms:249us]commonInterface.cpp:310[getSystemCaps] -----------------------------------------<
[23-03-02][streamline][info][tid:9608][0s:565ms:379us]commonEntry.cpp:1833[getOSVersionAndUpdateTimerResolution] Changed high resolution timer resolution to 5000 [100 ns units].
[23-03-02][streamline][info][tid:9608][0s:565ms:403us]commonEntry.cpp:1908[updateEmbeddedJSON] Detected Windows OS version 10.0.26200
[23-03-02][streamline][info][tid:9608][0s:565ms:464us]pluginManager.cpp:893[mapPlugins] Loaded plugin 'sl.common' - version 2.11.0.5cf6ec294 PRODUCTION - id 4294967295 - priority 0 - adapter mask 0x3 - interposer 'no'
[23-03-02][streamline][info][tid:9608][0s:569ms:883us]plugin.cpp:89[isAppDenylisted] Plugin path: C:\ProgramData\NVIDIA\NGX\models\sl_dlss_0\versions\133888\files\
[23-03-02][streamline][info][tid:9608][0s:570ms:015us]plugin.cpp:105[isAppDenylisted] Plugin is already checked for OTA denylist - returning cached result: 0
[23-03-02][streamline][info][tid:9608][1s:043ms:148us]commonEntry.cpp:931[getNGXFeatureRequirements] NGX feature 1 requirements - minOS 10.0.0 minHW 0x160
[23-03-02][streamline][info][tid:9608][1s:043ms:234us]commonEntry.cpp:1258[updateCommonEmbeddedJSONConfig] Registering required tag 'kBufferTypeDepth' life-cycle 'ResourceLifecycle::eValidUntilEvaluate' for feature `kFeatureDLSS`
[23-03-02][streamline][info][tid:9608][1s:043ms:251us]commonEntry.cpp:1258[updateCommonEmbeddedJSONConfig] Registering required tag 'kBufferTypeMotionVectors' life-cycle 'ResourceLifecycle::eValidUntilEvaluate' for feature `kFeatureDLSS`
[23-03-02][streamline][info][tid:9608][1s:043ms:261us]commonEntry.cpp:1258[updateCommonEmbeddedJSONConfig] Registering required tag 'kBufferTypeScalingInputColor' life-cycle 'ResourceLifecycle::eValidUntilEvaluate' for feature `kFeatureDLSS`
[23-03-02][streamline][info][tid:9608][1s:043ms:271us]commonEntry.cpp:1258[updateCommonEmbeddedJSONConfig] Registering required tag 'kBufferTypeScalingOutputColor' life-cycle 'ResourceLifecycle::eValidUntilEvaluate' for feature `kFeatureDLSS`
[23-03-02][streamline][info][tid:9608][1s:043ms:397us]pluginManager.cpp:893[mapPlugins] Loaded plugin 'sl.dlss' - version 2.11.0.5cf6ec294 PRODUCTION - id 0 - priority 100 - adapter mask 0x1 - interposer 'no'
[23-03-02][streamline][info][tid:9608][1s:048ms:665us]plugin.cpp:89[isAppDenylisted] Plugin path: C:\ProgramData\NVIDIA\NGX\models\sl_pcl_0\versions\133888\files\
[23-03-02][streamline][info][tid:9608][1s:048ms:865us]plugin.cpp:105[isAppDenylisted] Plugin is already checked for OTA denylist - returning cached result: 0
[23-03-02][streamline][info][tid:9608][1s:048ms:956us]pluginManager.cpp:893[mapPlugins] Loaded plugin 'sl.pcl' - version 2.11.0.5cf6ec294 PRODUCTION - id 4 - priority 2 - adapter mask 0x3 - interposer 'no'
[23-03-02][streamline][info][tid:9608][1s:055ms:169us]plugin.cpp:89[isAppDenylisted] Plugin path: C:\Users\stole\Documents\GitHub\SparkleEngine\artifacts\dev\projects\Showcase\editor\DevelopmentEditor\
[23-03-02][streamline][info][tid:9608][1s:055ms:371us]plugin.cpp:98[isAppDenylisted] Plugin is not from OTA - denylist does not apply
[23-03-02][streamline][info][tid:9608][1s:055ms:411us]commonInterface.cpp:154[getSystemCaps] Enumerating up to 8 adapters but only one of them can be used to create a device - no mGPU support in this SDK
[23-03-02][streamline][info][tid:9608][1s:056ms:323us]commonInterface.cpp:276[getSystemCaps] >-----------------------------------------
[23-03-02][streamline][info][tid:9608][1s:056ms:350us]commonInterface.cpp:279[getSystemCaps] NVIDIA driver 610.47
[23-03-02][streamline][info][tid:9608][1s:057ms:647us]commonInterface.cpp:304[getSystemCaps] Adapter 0 architecture 0x1b0 implementation 0x5 revision 0xa1 - bit 0x1 - LUID 0.76268
[23-03-02][streamline][info][tid:9608][1s:057ms:672us]commonInterface.cpp:310[getSystemCaps] -----------------------------------------<
[23-03-02][streamline][info][tid:9608][1s:057ms:789us]commonEntry.cpp:1908[updateEmbeddedJSON] Detected Windows OS version 10.0.26200
[23-03-02][streamline][info][tid:9608][1s:057ms:870us]pluginManager.cpp:738[mapPlugins] Detected two plugins with the same id 1B0_E658703 - sl.common
[23-03-02][streamline][info][tid:9608][1s:057ms:895us]pluginManager.cpp:777[mapPlugins] Plugin sl.common is newer (2.11.1) will choose that
[23-03-02][streamline][info][tid:9608][1s:057ms:904us]pluginManager.cpp:876[mapPlugins] A duplicate was found, but a newer plugin version was available
[23-03-02][streamline][info][tid:9608][1s:057ms:913us]pluginManager.cpp:882[mapPlugins] Removing plugin with name: sl.common superseded by plugin sl.common
[23-03-02][streamline][info][tid:9608][1s:058ms:358us]pluginManager.cpp:893[mapPlugins] Loaded plugin 'sl.common' - version 2.11.1.da40c631 PRODUCTION - id 4294967295 - priority 0 - adapter mask 0x3 - interposer 'no'
[23-03-02][streamline][info][tid:9608][1s:063ms:192us]plugin.cpp:89[isAppDenylisted] Plugin path: C:\Users\stole\Documents\GitHub\SparkleEngine\artifacts\dev\projects\Showcase\editor\DevelopmentEditor\
[23-03-02][streamline][info][tid:9608][1s:063ms:423us]plugin.cpp:98[isAppDenylisted] Plugin is not from OTA - denylist does not apply
[23-03-03][streamline][info][tid:9608][1s:370ms:787us]commonEntry.cpp:931[getNGXFeatureRequirements] NGX feature 1 requirements - minOS 10.0.0 minHW 0x160
[23-03-03][streamline][info][tid:9608][1s:370ms:848us]commonEntry.cpp:1258[updateCommonEmbeddedJSONConfig] Registering required tag 'kBufferTypeDepth' life-cycle 'ResourceLifecycle::eValidUntilEvaluate' for feature `kFeatureDLSS`
[23-03-03][streamline][info][tid:9608][1s:370ms:858us]commonEntry.cpp:1258[updateCommonEmbeddedJSONConfig] Registering required tag 'kBufferTypeMotionVectors' life-cycle 'ResourceLifecycle::eValidUntilEvaluate' for feature `kFeatureDLSS`
[23-03-03][streamline][info][tid:9608][1s:370ms:866us]commonEntry.cpp:1258[updateCommonEmbeddedJSONConfig] Registering required tag 'kBufferTypeScalingInputColor' life-cycle 'ResourceLifecycle::eValidUntilEvaluate' for feature `kFeatureDLSS`
[23-03-03][streamline][info][tid:9608][1s:370ms:873us]commonEntry.cpp:1258[updateCommonEmbeddedJSONConfig] Registering required tag 'kBufferTypeScalingOutputColor' life-cycle 'ResourceLifecycle::eValidUntilEvaluate' for feature `kFeatureDLSS`
[23-03-03][streamline][info][tid:9608][1s:370ms:974us]pluginManager.cpp:738[mapPlugins] Detected two plugins with the same id 1B0_E658703 - sl.dlss
[23-03-03][streamline][info][tid:9608][1s:370ms:984us]pluginManager.cpp:777[mapPlugins] Plugin sl.dlss is newer (2.11.1) will choose that
[23-03-03][streamline][info][tid:9608][1s:370ms:991us]pluginManager.cpp:876[mapPlugins] A duplicate was found, but a newer plugin version was available
[23-03-03][streamline][info][tid:9608][1s:371ms:002us]pluginManager.cpp:882[mapPlugins] Removing plugin with name: sl.dlss superseded by plugin sl.dlss
[23-03-03][streamline][info][tid:9608][1s:371ms:084us]pluginManager.cpp:893[mapPlugins] Loaded plugin 'sl.dlss' - version 2.11.1.da40c631 PRODUCTION - id 0 - priority 100 - adapter mask 0x1 - interposer 'no'
[23-03-03][streamline][info][tid:9608][1s:371ms:093us]pluginManager.cpp:1169[loadPlugins] Plugin execution order based on priority:
[23-03-03][streamline][info][tid:9608][1s:371ms:099us]pluginManager.cpp:1172[loadPlugins] P0 - sl.common
[23-03-03][streamline][info][tid:9608][1s:371ms:107us]pluginManager.cpp:1172[loadPlugins] P2 - sl.pcl
[23-03-03][streamline][info][tid:9608][1s:371ms:113us]pluginManager.cpp:1172[loadPlugins] P100 - sl.dlss
[23-03-03][streamline][info][tid:9608][1s:371ms:121us]pluginManager.cpp:1362[initializePlugins] Initializing plugins - api 0.0.1 - application ID 100721531
[23-03-03][streamline][info][tid:9608][1s:372ms:016us]d3d12.cpp:1186[createKernel] Creating DXBC kernel copy_to_buffer.cs:main hash 12564409127886710297
[23-03-03][streamline][info][tid:9608][1s:372ms:051us]commonEntry.cpp:1378[slOnPluginStartup] At least one plugin requires NGX, trying to initialize ...
[23-03-03][streamline][info][tid:9608][1s:372ms:137us]commonEntry.cpp:1169[ngxLog]  App logging hooks successfully initialized
[23-03-03][streamline][info][tid:9608][1s:372ms:226us]commonEntry.cpp:1169[ngxLog]  App logging hooks successfully initialized
[23-03-03][streamline][info][tid:9608][1s:373ms:622us]commonEntry.cpp:1170[ngxLog]  Found matching adapter with NVAPI physical GPU handle: 0x100 and LUID: { 0x0, 0x129ec }
[23-03-03][streamline][info][tid:9608][1s:373ms:648us]commonEntry.cpp:1170[ngxLog]  Checking for path to NGX using QueryAdapterInfo
[23-03-03][streamline][info][tid:9608][1s:373ms:686us]commonEntry.cpp:1169[ngxLog]  Path to driverStore found using QAI: C:\WINDOWS\System32\DriverStore\FileRepository\nvmii.inf_amd64_b154845e0640934c
[23-03-03][streamline][info][tid:9608][1s:373ms:694us]commonEntry.cpp:1169[ngxLog]  using path for models: C:\ProgramData\NVIDIA\NGX\models
[23-03-03][streamline][info][tid:9608][1s:373ms:701us]commonEntry.cpp:1169[ngxLog]  using path for models: C:\ProgramData\NVIDIA\NGX\models
[23-03-03][streamline][info][tid:9608][1s:373ms:709us]commonEntry.cpp:1170[ngxLog]  security attributes generated successfully
[23-03-03][streamline][info][tid:9608][1s:373ms:716us]commonEntry.cpp:1170[ngxLog]  using generated security descriptor for creating folder at: C:\ProgramData\NVIDIA\NGX\models
[23-03-03][streamline][info][tid:9608][1s:382ms:963us]commonEntry.cpp:1169[ngxLog]  updated access control list for NGX cache (NGX cache should now be usable by all authenticated users)
[23-03-03][streamline][info][tid:9608][1s:382ms:988us]commonEntry.cpp:1169[ngxLog]  model folder created: C:\ProgramData\NVIDIA\NGX\models
[23-03-03][streamline][info][tid:9608][1s:383ms:034us]commonEntry.cpp:1169[ngxLog]  [sl_sdk_0]
[23-03-03][streamline][info][tid:9608][1s:383ms:059us]commonEntry.cpp:1169[ngxLog]  app_E658703=2.11.0
[23-03-03][streamline][info][tid:9608][1s:383ms:068us]commonEntry.cpp:1169[ngxLog]  [sl_common_0]
[23-03-03][streamline][info][tid:9608][1s:383ms:076us]commonEntry.cpp:1169[ngxLog]  app_E658703=2.11.0
[23-03-03][streamline][info][tid:9608][1s:383ms:083us]commonEntry.cpp:1169[ngxLog]  [sl_deepdvc_0]
[23-03-03][streamline][info][tid:9608][1s:383ms:090us]commonEntry.cpp:1169[ngxLog]  app_E658703=2.11.0
[23-03-03][streamline][info][tid:9608][1s:383ms:097us]commonEntry.cpp:1169[ngxLog]  [sl_dlss_0]
[23-03-03][streamline][info][tid:9608][1s:383ms:104us]commonEntry.cpp:1169[ngxLog]  app_E658703=2.11.0
[23-03-03][streamline][info][tid:9608][1s:383ms:112us]commonEntry.cpp:1169[ngxLog]  [sl_dlss_d_0]
[23-03-03][streamline][info][tid:9608][1s:383ms:118us]commonEntry.cpp:1169[ngxLog]  app_E658703=2.11.0
[23-03-03][streamline][info][tid:9608][1s:383ms:125us]commonEntry.cpp:1169[ngxLog]  [sl_dlss_g_0]
[23-03-03][streamline][info][tid:9608][1s:383ms:165us]commonEntry.cpp:1169[ngxLog]  app_E658703=2.11.0
[23-03-03][streamline][info][tid:9608][1s:383ms:183us]commonEntry.cpp:1169[ngxLog]  [sl_nis_0]
[23-03-03][streamline][info][tid:9608][1s:383ms:190us]commonEntry.cpp:1169[ngxLog]  app_E658703=2.11.0
[23-03-03][streamline][info][tid:9608][1s:383ms:196us]commonEntry.cpp:1169[ngxLog]  [sl_nvperf_0]
[23-03-03][streamline][info][tid:9608][1s:383ms:203us]commonEntry.cpp:1169[ngxLog]  app_E658703=2.11.0
[23-03-03][streamline][info][tid:9608][1s:383ms:210us]commonEntry.cpp:1169[ngxLog]  [nvbcast_afx_bnr_v0_9]
[23-03-03][streamline][info][tid:9608][1s:383ms:217us]commonEntry.cpp:1169[ngxLog]  app_E658703=0.9.5
[23-03-03][streamline][info][tid:9608][1s:383ms:224us]commonEntry.cpp:1169[ngxLog]  [sl_pcl_0]
[23-03-03][streamline][info][tid:9608][1s:383ms:230us]commonEntry.cpp:1169[ngxLog]  app_E658703=2.11.0
[23-03-03][streamline][info][tid:9608][1s:383ms:237us]commonEntry.cpp:1169[ngxLog]  [nvbcast_ar_gw_v0_9]
[23-03-03][streamline][info][tid:9608][1s:383ms:243us]commonEntry.cpp:1169[ngxLog]  app_E658703=0.9.0
[23-03-03][streamline][info][tid:9608][1s:383ms:250us]commonEntry.cpp:1169[ngxLog]  [sl_reflex_0]
[23-03-03][streamline][info][tid:9608][1s:383ms:257us]commonEntry.cpp:1169[ngxLog]  app_E658703=2.11.0
[23-03-03][streamline][info][tid:9608][1s:383ms:263us]commonEntry.cpp:1169[ngxLog]  [dlss_override]
[23-03-03][streamline][info][tid:9608][1s:383ms:270us]commonEntry.cpp:1169[ngxLog]  app_E658700=310.6.0
[23-03-03][streamline][info][tid:9608][1s:383ms:276us]commonEntry.cpp:1169[ngxLog]  [nvbcast]
[23-03-03][streamline][info][tid:9608][1s:383ms:283us]commonEntry.cpp:1169[ngxLog]  app_E658703=0.9.5
[23-03-03][streamline][info][tid:9608][1s:383ms:289us]commonEntry.cpp:1169[ngxLog]  [dlss]
[23-03-03][streamline][info][tid:9608][1s:383ms:301us]commonEntry.cpp:1169[ngxLog]  app_B9DB4F4=1.0.108
[23-03-03][streamline][info][tid:9608][1s:383ms:309us]commonEntry.cpp:1169[ngxLog]  app_E99B5EC=1.2.109
[23-03-03][streamline][info][tid:9608][1s:383ms:316us]commonEntry.cpp:1169[ngxLog]  app_B9D48D0=1.0.108
[23-03-03][streamline][info][tid:9608][1s:383ms:323us]commonEntry.cpp:1169[ngxLog]  app_B9C3560=2.1.201
[23-03-03][streamline][info][tid:9608][1s:383ms:329us]commonEntry.cpp:1169[ngxLog]  app_F7361DC=2.1.28
[23-03-03][streamline][info][tid:9608][1s:383ms:336us]commonEntry.cpp:1169[ngxLog]  app_B9FD6C0=1.0.108
[23-03-03][streamline][info][tid:9608][1s:383ms:343us]commonEntry.cpp:1169[ngxLog]  app_E658702=0.0.0
[23-03-03][streamline][info][tid:9608][1s:383ms:349us]commonEntry.cpp:1169[ngxLog]  app_E658701=0.0.0
[23-03-03][streamline][info][tid:9608][1s:383ms:356us]commonEntry.cpp:1169[ngxLog]  app_E658700=310.6.0
[23-03-03][streamline][info][tid:9608][1s:383ms:363us]commonEntry.cpp:1169[ngxLog]  app_B9FEB50=1.0.108
[23-03-03][streamline][info][tid:9608][1s:383ms:369us]commonEntry.cpp:1169[ngxLog]  app_B9FF4BC=1.0.108
[23-03-03][streamline][info][tid:9608][1s:383ms:376us]commonEntry.cpp:1169[ngxLog]  app_B9FD524=1.0.108
[23-03-03][streamline][info][tid:9608][1s:383ms:383us]commonEntry.cpp:1169[ngxLog]  app_B9DF510=1.3.106
[23-03-03][streamline][info][tid:9608][1s:383ms:390us]commonEntry.cpp:1169[ngxLog]  app_B9CB0B8=1.0.108
[23-03-03][streamline][info][tid:9608][1s:383ms:396us]commonEntry.cpp:1169[ngxLog]  app_B9E26B0=2.1.28
[23-03-03][streamline][info][tid:9608][1s:383ms:403us]commonEntry.cpp:1169[ngxLog]  app_B9DFA64=1.0.108
[23-03-03][streamline][info][tid:9608][1s:383ms:410us]commonEntry.cpp:1169[ngxLog]  app_B9D6F08=1.0.108
[23-03-03][streamline][info][tid:9608][1s:383ms:416us]commonEntry.cpp:1169[ngxLog]  app_B9D2F5C=1.2.110
[23-03-03][streamline][info][tid:9608][1s:383ms:423us]commonEntry.cpp:1169[ngxLog]  app_B9D7388=1.0.108
[23-03-03][streamline][info][tid:9608][1s:383ms:429us]commonEntry.cpp:1169[ngxLog]  app_B9F5618=2.1.29
[23-03-03][streamline][info][tid:9608][1s:383ms:436us]commonEntry.cpp:1169[ngxLog]  app_B9DAE68=1.2.109
[23-03-03][streamline][info][tid:9608][1s:383ms:443us]commonEntry.cpp:1169[ngxLog]  app_B9CF688=2.2.15
[23-03-03][streamline][info][tid:9608][1s:383ms:450us]commonEntry.cpp:1169[ngxLog]  app_B9D8C54=1.2.109
[23-03-03][streamline][info][tid:9608][1s:383ms:457us]commonEntry.cpp:1169[ngxLog]  app_B9D3EF0=2.1.28
[23-03-03][streamline][info][tid:9608][1s:383ms:464us]commonEntry.cpp:1169[ngxLog]  app_B9FACDC=2.1.201
[23-03-03][streamline][info][tid:9608][1s:383ms:471us]commonEntry.cpp:1169[ngxLog]  app_B9BF564=2.1.201
[23-03-03][streamline][info][tid:9608][1s:383ms:477us]commonEntry.cpp:1169[ngxLog]  app_B9B0430=2.1.28
[23-03-03][streamline][info][tid:9608][1s:383ms:484us]commonEntry.cpp:1169[ngxLog]  [dlssd]
[23-03-03][streamline][info][tid:9608][1s:383ms:492us]commonEntry.cpp:1169[ngxLog]  app_E658700=310.6.0
[23-03-03][streamline][info][tid:9608][1s:383ms:501us]commonEntry.cpp:1169[ngxLog]  [dlssg]
[23-03-03][streamline][info][tid:9608][1s:383ms:508us]commonEntry.cpp:1169[ngxLog]  app_E658700=310.6.0
[23-03-03][streamline][info][tid:9608][1s:383ms:515us]commonEntry.cpp:1169[ngxLog]  [nvbcast_vfx_lld_v0_9]
[23-03-03][streamline][info][tid:9608][1s:383ms:522us]commonEntry.cpp:1169[ngxLog]  app_E658703=0.9.0
[23-03-03][streamline][info][tid:9608][1s:383ms:529us]commonEntry.cpp:1169[ngxLog]  [dlisp]
[23-03-03][streamline][info][tid:9608][1s:383ms:536us]commonEntry.cpp:1169[ngxLog]  app_E658703=310.0.0
[23-03-03][streamline][info][tid:9608][1s:383ms:543us]commonEntry.cpp:1169[ngxLog]  app_B9CF688=2.1.15
[23-03-03][streamline][info][tid:9608][1s:383ms:549us]commonEntry.cpp:1169[ngxLog]  app_E99B5EC=1.2.102
[23-03-03][streamline][info][tid:9608][1s:383ms:556us]commonEntry.cpp:1169[ngxLog]  app_B9D8C54=1.2.106
[23-03-03][streamline][info][tid:9608][1s:383ms:563us]commonEntry.cpp:1169[ngxLog]  app_B9D2F5C=1.2.106
[23-03-03][streamline][info][tid:9608][1s:383ms:569us]commonEntry.cpp:1169[ngxLog]  app_B9DF510=1.3.101
[23-03-03][streamline][info][tid:9608][1s:383ms:576us]commonEntry.cpp:1169[ngxLog]  app_B9DAE68=1.2.106
[23-03-03][streamline][info][tid:9608][1s:383ms:583us]commonEntry.cpp:1169[ngxLog]  [nvbcast_vfx_gs_v0_9]
[23-03-03][streamline][info][tid:9608][1s:383ms:589us]commonEntry.cpp:1169[ngxLog]  app_E658703=0.9.0
[23-03-03][streamline][info][tid:9608][1s:383ms:596us]commonEntry.cpp:1169[ngxLog]  [nvbcast_ar_fd_v0_9]
[23-03-03][streamline][info][tid:9608][1s:383ms:603us]commonEntry.cpp:1169[ngxLog]  app_E658703=0.9.0
[23-03-03][streamline][info][tid:9608][1s:383ms:610us]commonEntry.cpp:1169[ngxLog]  [nvbcast_afx_rec_v0_9]
[23-03-03][streamline][info][tid:9608][1s:383ms:616us]commonEntry.cpp:1169[ngxLog]  app_E658703=0.9.5
[23-03-03][streamline][info][tid:9608][1s:383ms:623us]commonEntry.cpp:1169[ngxLog]  [nvbcast_afx_bnrrec_v0_9]
[23-03-03][streamline][info][tid:9608][1s:383ms:630us]commonEntry.cpp:1169[ngxLog]  app_E658703=0.9.5
[23-03-03][streamline][info][tid:9608][1s:383ms:637us]commonEntry.cpp:1169[ngxLog]  [nvbcast_afx_stdvoice_v0_9]
[23-03-03][streamline][info][tid:9608][1s:383ms:644us]commonEntry.cpp:1169[ngxLog]  app_E658703=0.9.5
[23-03-03][streamline][info][tid:9608][1s:383ms:651us]commonEntry.cpp:1169[ngxLog]  [nvbcast_vfx_rl_v0_9]
[23-03-03][streamline][info][tid:9608][1s:383ms:657us]commonEntry.cpp:1169[ngxLog]  app_E658703=0.9.5
[23-03-03][streamline][info][tid:9608][1s:383ms:664us]commonEntry.cpp:1169[ngxLog]  listItem.engineVersion .* listItem.genericCMSId 86aa7b4
[23-03-03][streamline][info][tid:9608][1s:383ms:671us]commonEntry.cpp:1169[ngxLog]   project id 3F9D696D4363312194B0ECB2671E899F cms id B9FBD50
[23-03-03][streamline][info][tid:9608][1s:383ms:678us]commonEntry.cpp:1169[ngxLog]  listItem.engineVersion .* listItem.genericCMSId 8618954
[23-03-03][streamline][info][tid:9608][1s:383ms:685us]commonEntry.cpp:1169[ngxLog]  listItem.engineVersion .* listItem.genericCMSId b9b05cc
[23-03-03][streamline][info][tid:9608][1s:383ms:692us]commonEntry.cpp:1169[ngxLog]  listItem.engineVersion .* listItem.genericCMSId 876232c
[23-03-03][streamline][info][tid:9608][1s:383ms:698us]commonEntry.cpp:1169[ngxLog]  Found cms id 876232c for engine: custom engineVersion SparkleEngine-Development projectID 535041524B4C45454E47494E45303031
[23-03-03][streamline][info][tid:9608][1s:464ms:569us]commonEntry.cpp:1169[ngxLog]  NvAPI_DRS_FindApplicationByName -166
[23-03-03][streamline][info][tid:9608][1s:474ms:592us]commonEntry.cpp:1169[ngxLog]  called from module sl.common.dll at C:\Users\stole\Documents\GitHub\SparkleEngine\artifacts\dev\projects\Showcase\editor\DevelopmentEditor
[23-03-03][streamline][info][tid:9608][1s:474ms:689us]commonEntry.cpp:1170[ngxLog]  unable to read the deny list. Assuming that the feature is allowed.
[23-03-03][streamline][info][tid:9608][1s:474ms:719us]commonEntry.cpp:1169[ngxLog]  NGXLoadFromPath failed: -1160773628
[23-03-03][streamline][info][tid:9608][1s:474ms:727us]commonEntry.cpp:1169[ngxLog]  NGXLoadFromPath failed: -1160773628
[23-03-03][streamline][info][tid:9608][1s:474ms:735us]commonEntry.cpp:1170[ngxLog]  warning: ModuleName - nvngx_dldenoiser.dll doesn't exist in any of the search paths!
[23-03-03][streamline][info][tid:9608][1s:474ms:745us]commonEntry.cpp:1169[ngxLog]  Override shared memory was opened successfully
[23-03-03][streamline][info][tid:9608][1s:474ms:752us]commonEntry.cpp:1169[ngxLog]  Override shared memory was mapped successfully
[23-03-03][streamline][info][tid:9608][1s:474ms:796us]commonEntry.cpp:1170[ngxLog]  unable to read the deny list. Assuming that the feature is allowed.
[23-03-03][streamline][info][tid:9608][1s:526ms:025us]commonEntry.cpp:1170[ngxLog]  Loaded NGXCore from path (C:\Users\stole\Documents\GitHub\SparkleEngine\artifacts\dev\projects\Showcase\editor\DevelopmentEditor\/nvngx_dlss.dll)
[23-03-03][streamline][info][tid:9608][1s:526ms:080us]commonEntry.cpp:1170[ngxLog]  Validating snippet C:\Users\stole\Documents\GitHub\SparkleEngine\artifacts\dev\projects\Showcase\editor\DevelopmentEditor\/nvngx_dlss.dll
[23-03-03][streamline][info][tid:9608][1s:526ms:095us]commonEntry.cpp:1170[ngxLog]  NGX CORE API version : 0x15, Snippet requires at least : 0x13
[23-03-03][streamline][info][tid:9608][1s:526ms:106us]commonEntry.cpp:1170[ngxLog]  GPU architecture : 0x1B0, Snippet expects at least : 0x160
[23-03-03][streamline][info][tid:9608][1s:526ms:117us]commonEntry.cpp:1170[ngxLog]  Driver support flags : 0xF(SEAMLESS_OTA|LINUX_EXTENDED_DRIVER_VERSIONS|API_SPECIFIC_POPULATE_PARAMS|REQUIRE_CMSID), Snippet required flags : 0xF(SEAMLESS_OTA|LINUX_EXTENDED_DRIVER_VERSIONS|API_SPECIFIC_POPULATE_PARAMS|REQUIRE_CMSID)
[23-03-03][streamline][info][tid:9608][1s:526ms:128us]commonEntry.cpp:1170[ngxLog]  Driver version : 610.47, Snippet expects at least : 470.0
[23-03-03][streamline][info][tid:9608][1s:526ms:138us]commonEntry.cpp:1170[ngxLog]  Snippet version : 310.6.0, Embedded app Id : E658703 (0)
[23-03-03][streamline][info][tid:9608][1s:526ms:148us]commonEntry.cpp:1169[ngxLog]  NGXLoadFromPath failed: -1160773628
[23-03-03][streamline][info][tid:9608][1s:526ms:158us]commonEntry.cpp:1169[ngxLog]  Feature dlss failed to load (cmsid 141959980) from cache (location: C:\ProgramData\NVIDIA\NGX\models\dlss\versions\0\files, name: 160_876232C.bin)
[23-03-03][streamline][info][tid:9608][1s:526ms:169us]commonEntry.cpp:1169[ngxLog]  NGXLoadFromPath failed: -1160773628
[23-03-03][streamline][info][tid:9608][1s:526ms:179us]commonEntry.cpp:1169[ngxLog]  Feature dlss failed to load (cmsid 241534723) from cache (location: C:\ProgramData\NVIDIA\NGX\models\dlss\versions\0\files, name: 160_E658703.bin)
[23-03-03][streamline][info][tid:9608][1s:658ms:281us]commonEntry.cpp:1169[ngxLog]  NGXLoadFromPath failed: -1160773628
[23-03-03][streamline][info][tid:9608][1s:658ms:348us]commonEntry.cpp:1169[ngxLog]  app 876232C feature dlss snippet: C:\Users\stole\Documents\GitHub\SparkleEngine\artifacts\dev\projects\Showcase\editor\DevelopmentEditor\/nvngx_dlss.dll version: 310.6.0
[23-03-03][streamline][info][tid:9608][1s:658ms:359us]commonEntry.cpp:1170[ngxLog]  Setting telemetry callback for dlss [schema 3.0+]
[23-03-03][streamline][info][tid:9608][1s:658ms:367us]commonEntry.cpp:1170[ngxLog]  Setting override status callback for dlss
[23-03-03][streamline][info][tid:9608][1s:658ms:378us]commonEntry.cpp:1170[ngxLog]  unable to read the deny list. Assuming that the feature is allowed.
[23-03-03][streamline][info][tid:9608][1s:658ms:387us]commonEntry.cpp:1169[ngxLog]  NGXLoadFromPath failed: -1160773628
[23-03-03][streamline][info][tid:9608][1s:658ms:393us]commonEntry.cpp:1169[ngxLog]  NGXLoadFromPath failed: -1160773628
[23-03-03][streamline][info][tid:9608][1s:658ms:400us]commonEntry.cpp:1170[ngxLog]  warning: ModuleName - nvngx_dlinpainting.dll doesn't exist in any of the search paths!
[23-03-03][streamline][info][tid:9608][1s:658ms:407us]commonEntry.cpp:1170[ngxLog]  unable to read the deny list. Assuming that the feature is allowed.
[23-03-03][streamline][info][tid:9608][1s:658ms:414us]commonEntry.cpp:1169[ngxLog]  NGXLoadFromPath failed: -1160773628
[23-03-03][streamline][info][tid:9608][1s:658ms:420us]commonEntry.cpp:1169[ngxLog]  NGXLoadFromPath failed: -1160773628
[23-03-03][streamline][info][tid:9608][1s:658ms:427us]commonEntry.cpp:1170[ngxLog]  warning: ModuleName - nvngx_dlisr.dll doesn't exist in any of the search paths!
[23-03-03][streamline][info][tid:9608][1s:658ms:434us]commonEntry.cpp:1170[ngxLog]  unable to read the deny list. Assuming that the feature is allowed.
[23-03-03][streamline][info][tid:9608][1s:658ms:441us]commonEntry.cpp:1169[ngxLog]  NGXLoadFromPath failed: -1160773628
[23-03-03][streamline][info][tid:9608][1s:658ms:447us]commonEntry.cpp:1169[ngxLog]  NGXLoadFromPath failed: -1160773628
[23-03-03][streamline][info][tid:9608][1s:658ms:454us]commonEntry.cpp:1170[ngxLog]  warning: ModuleName - nvngx_dlslowmo.dll doesn't exist in any of the search paths!
[23-03-03][streamline][info][tid:9608][1s:658ms:461us]commonEntry.cpp:1170[ngxLog]  unable to read the deny list. Assuming that the feature is allowed.
[23-03-03][streamline][info][tid:9608][1s:658ms:467us]commonEntry.cpp:1169[ngxLog]  NGXLoadFromPath failed: -1160773628
[23-03-03][streamline][info][tid:9608][1s:658ms:474us]commonEntry.cpp:1169[ngxLog]  NGXLoadFromPath failed: -1160773628
[23-03-03][streamline][info][tid:9608][1s:658ms:482us]commonEntry.cpp:1170[ngxLog]  warning: ModuleName - nvngx_dlvsr.dll doesn't exist in any of the search paths!
[23-03-03][streamline][info][tid:9608][1s:658ms:489us]commonEntry.cpp:1170[ngxLog]  unable to read the deny list. Assuming that the feature is allowed.
[23-03-03][streamline][info][tid:9608][1s:658ms:497us]commonEntry.cpp:1169[ngxLog]  NGXLoadFromPath failed: -1160773628
[23-03-03][streamline][info][tid:9608][1s:658ms:505us]commonEntry.cpp:1169[ngxLog]  NGXLoadFromPath failed: -1160773628
[23-03-03][streamline][info][tid:9608][1s:658ms:514us]commonEntry.cpp:1170[ngxLog]  warning: ModuleName - nvngx_dlcolorize.dll doesn't exist in any of the search paths!
[23-03-03][streamline][info][tid:9608][1s:658ms:520us]commonEntry.cpp:1170[ngxLog]  unable to read the deny list. Assuming that the feature is allowed.
[23-03-03][streamline][info][tid:9608][1s:658ms:545us]commonEntry.cpp:1169[ngxLog]  NGXLoadFromPath failed: -1160773628
[23-03-03][streamline][info][tid:9608][1s:658ms:553us]commonEntry.cpp:1169[ngxLog]  NGXLoadFromPath failed: -1160773628
[23-03-03][streamline][info][tid:9608][1s:658ms:560us]commonEntry.cpp:1170[ngxLog]  warning: ModuleName - nvngx_dlstyletransfer.dll doesn't exist in any of the search paths!
[23-03-03][streamline][info][tid:9608][1s:658ms:566us]commonEntry.cpp:1170[ngxLog]  unable to read the deny list. Assuming that the feature is allowed.
[23-03-03][streamline][info][tid:9608][1s:658ms:575us]commonEntry.cpp:1169[ngxLog]  NGXLoadFromPath failed: -1160773628
[23-03-03][streamline][info][tid:9608][1s:658ms:583us]commonEntry.cpp:1169[ngxLog]  NGXLoadFromPath failed: -1160773628
[23-03-03][streamline][info][tid:9608][1s:658ms:592us]commonEntry.cpp:1170[ngxLog]  warning: ModuleName - nvngx_dlvdenoiser.dll doesn't exist in any of the search paths!
[23-03-03][streamline][info][tid:9608][1s:658ms:598us]commonEntry.cpp:1170[ngxLog]  unable to read the deny list. Assuming that the feature is allowed.
[23-03-03][streamline][info][tid:9608][1s:658ms:638us]commonEntry.cpp:1169[ngxLog]  NGXLoadFromPath failed: -1160773628
[23-03-03][streamline][info][tid:9608][1s:658ms:647us]commonEntry.cpp:1169[ngxLog]  NGXLoadFromPath failed: -1160773628
[23-03-03][streamline][info][tid:9608][1s:658ms:653us]commonEntry.cpp:1170[ngxLog]  warning: ModuleName - nvngx_dlisp.dll doesn't exist in any of the search paths!
[23-03-03][streamline][info][tid:9608][1s:658ms:660us]commonEntry.cpp:1170[ngxLog]  unable to read the deny list. Assuming that the feature is allowed.
[23-03-03][streamline][info][tid:9608][1s:658ms:667us]commonEntry.cpp:1169[ngxLog]  NGXLoadFromPath failed: -1160773628
[23-03-03][streamline][info][tid:9608][1s:658ms:673us]commonEntry.cpp:1169[ngxLog]  NGXLoadFromPath failed: -1160773628
[23-03-03][streamline][info][tid:9608][1s:658ms:682us]commonEntry.cpp:1170[ngxLog]  warning: ModuleName - nvngx_dlresolve.dll doesn't exist in any of the search paths!
[23-03-03][streamline][info][tid:9608][1s:658ms:688us]commonEntry.cpp:1170[ngxLog]  unable to read the deny list. Assuming that the feature is allowed.
[23-03-03][streamline][info][tid:9608][1s:658ms:695us]commonEntry.cpp:1169[ngxLog]  NGXLoadFromPath failed: -1160773628
[23-03-03][streamline][info][tid:9608][1s:658ms:701us]commonEntry.cpp:1169[ngxLog]  NGXLoadFromPath failed: -1160773628
[23-03-03][streamline][info][tid:9608][1s:658ms:709us]commonEntry.cpp:1170[ngxLog]  warning: ModuleName - nvngx_dlssg.dll doesn't exist in any of the search paths!
[23-03-03][streamline][info][tid:9608][1s:658ms:716us]commonEntry.cpp:1170[ngxLog]  unable to read the deny list. Assuming that the feature is allowed.
[23-03-03][streamline][info][tid:9608][1s:658ms:723us]commonEntry.cpp:1169[ngxLog]  NGXLoadFromPath failed: -1160773628
[23-03-03][streamline][info][tid:9608][1s:658ms:730us]commonEntry.cpp:1169[ngxLog]  NGXLoadFromPath failed: -1160773628
[23-03-03][streamline][info][tid:9608][1s:658ms:736us]commonEntry.cpp:1170[ngxLog]  warning: ModuleName - nvngx_deepdvc.dll doesn't exist in any of the search paths!
[23-03-03][streamline][info][tid:9608][1s:658ms:743us]commonEntry.cpp:1170[ngxLog]  unable to read the deny list. Assuming that the feature is allowed.
[23-03-03][streamline][info][tid:9608][1s:658ms:749us]commonEntry.cpp:1169[ngxLog]  NGXLoadFromPath failed: -1160773628
[23-03-03][streamline][info][tid:9608][1s:658ms:756us]commonEntry.cpp:1169[ngxLog]  NGXLoadFromPath failed: -1160773628
[23-03-03][streamline][info][tid:9608][1s:658ms:762us]commonEntry.cpp:1170[ngxLog]  warning: ModuleName - nvngx_dlssd.dll doesn't exist in any of the search paths!
[23-03-03][streamline][info][tid:9608][1s:658ms:770us]commonEntry.cpp:1170[ngxLog]  unable to read the deny list. Assuming that the feature is allowed.
[23-03-03][streamline][info][tid:9608][1s:658ms:777us]commonEntry.cpp:1169[ngxLog]  NGXLoadFromPath failed: -1160773628
[23-03-03][streamline][info][tid:9608][1s:658ms:783us]commonEntry.cpp:1169[ngxLog]  NGXLoadFromPath failed: -1160773628
[23-03-03][streamline][info][tid:9608][1s:658ms:790us]commonEntry.cpp:1170[ngxLog]  warning: ModuleName - nvngx_truehdr.dll doesn't exist in any of the search paths!
[23-03-03][streamline][info][tid:9608][1s:658ms:796us]commonEntry.cpp:1170[ngxLog]  unable to read the deny list. Assuming that the feature is allowed.
[23-03-03][streamline][info][tid:9608][1s:658ms:803us]commonEntry.cpp:1169[ngxLog]  NGXLoadFromPath failed: -1160773628
[23-03-03][streamline][info][tid:9608][1s:658ms:809us]commonEntry.cpp:1169[ngxLog]  NGXLoadFromPath failed: -1160773628
[23-03-03][streamline][info][tid:9608][1s:658ms:816us]commonEntry.cpp:1170[ngxLog]  warning: ModuleName - nvngx_latewarp.dll doesn't exist in any of the search paths!
[23-03-03][streamline][info][tid:9608][1s:658ms:822us]commonEntry.cpp:1170[ngxLog]  unable to read the deny list. Assuming that the feature is allowed.
[23-03-03][streamline][info][tid:9608][1s:658ms:831us]commonEntry.cpp:1169[ngxLog]  NGXLoadFromPath failed: -1160773628
[23-03-03][streamline][info][tid:9608][1s:658ms:855us]commonEntry.cpp:1169[ngxLog]  NGXLoadFromPath failed: -1160773628
[23-03-03][streamline][info][tid:9608][1s:658ms:863us]commonEntry.cpp:1170[ngxLog]  warning: ModuleName - nvngx_vsr.dll doesn't exist in any of the search paths!
[23-03-03][streamline][info][tid:9608][1s:658ms:869us]commonEntry.cpp:1170[ngxLog]  unable to read the deny list. Assuming that the feature is allowed.
[23-03-03][streamline][info][tid:9608][1s:658ms:876us]commonEntry.cpp:1169[ngxLog]  NGXLoadFromPath failed: -1160773628
[23-03-03][streamline][info][tid:9608][1s:658ms:883us]commonEntry.cpp:1169[ngxLog]  NGXLoadFromPath failed: -1160773628
[23-03-03][streamline][info][tid:9608][1s:658ms:889us]commonEntry.cpp:1170[ngxLog]  warning: ModuleName - nvngx_fgx.dll doesn't exist in any of the search paths!
[23-03-03][streamline][info][tid:9608][1s:790ms:030us]commonEntry.cpp:1169[ngxLog] [NGXInitLog:226] App logging hooks successfully initialized
[23-03-03][streamline][info][tid:9608][1s:790ms:084us]commonEntry.cpp:1169[ngxLog] [NGXInitLog:232] Build v310.6.0 CL 37460577
[23-03-03][streamline][info][tid:9608][1s:790ms:095us]commonEntry.cpp:1169[ngxLog] [NGXInitLog:234] Built with APP_NAME = default
[23-03-03][streamline][info][tid:9608][1s:790ms:103us]commonEntry.cpp:1169[ngxLog] [NGXInitLog:240] Loaded from path "C:\Users\stole\Documents\GitHub\SparkleEngine\artifacts\dev\projects\Showcase\editor\DevelopmentEditor/ShowcaseEditor.exe"
[23-03-03][streamline][info][tid:9608][1s:790ms:111us]commonEntry.cpp:1170[ngxLog] [InitCommon:111] m_pDevice: 0x0000000000000000->0x000002533BA109A0
[23-03-03][streamline][info][tid:9608][1s:790ms:211us]commonEntry.cpp:1169[ngxLog] [NGXCubinD3D12::Init:133] Enabling texmode_raw
[23-03-03][streamline][info][tid:9608][1s:790ms:220us]commonEntry.cpp:1170[ngxLog] [NGXCubinD3D12::Init:138] Build - PRODUCTION
[23-03-03][streamline][info][tid:9608][1s:790ms:227us]commonEntry.cpp:1170[ngxLog] [NGXCubinD3D12::Init:142] GPU nodes 1 - visible node mask 1
[23-03-03][streamline][info][tid:9608][1s:790ms:287us]commonEntry.cpp:1169[ngxLog] [NGXCubinKernelMap::InitCubins:42] Loading NGXCubin kernels
[23-03-03][streamline][info][tid:9608][1s:790ms:631us]commonEntry.cpp:1169[ngxLog] [NGXCubinGeneric::SetGPUArch:400] SetGPUArch:: Gpu count = 1, luid: 0x129ec
[23-03-03][streamline][info][tid:9608][1s:791ms:736us]commonEntry.cpp:1169[ngxLog] [NGXCubinGeneric::SetGPUArch:460] m_gpuArch = 0x1b0
[23-03-03][streamline][info][tid:9608][1s:792ms:770us]commonEntry.cpp:1169[ngxLog] [NGXCubinGeneric::genericPostInit:164] Fast UAV clear: supported
[23-03-03][streamline][info][tid:9608][1s:792ms:794us]commonEntry.cpp:1169[ngxLog] [DLSSCubinKernelMap::InitCubins:303] Setting DLAA Cubins
[23-03-03][streamline][info][tid:9608][1s:792ms:804us]commonEntry.cpp:1169[ngxLog] [DLSSCubinKernelMap::InitCubins:303] Setting DLSS Debug Cubins
[23-03-03][streamline][info][tid:9608][1s:792ms:811us]commonEntry.cpp:1169[ngxLog] [DLSSCubinKernelMap::InitCubins:303] Setting DLTSS Engine Cubins
[23-03-03][streamline][info][tid:9608][1s:792ms:847us]commonEntry.cpp:1169[ngxLog] [DLSSCubinKernelMap::InitCubins:303] Setting DLTSS NW Cubins
[23-03-03][streamline][info][tid:9608][1s:792ms:866us]commonEntry.cpp:1169[ngxLog] [DLSSCubinKernelMap::InitCubins:303] Setting DLTSS NW E5M3_SKIP Cubins
[23-03-03][streamline][info][tid:9608][1s:792ms:896us]commonEntry.cpp:1169[ngxLog] [DLSSCubinKernelMap::InitCubins:303] Setting DLTSS NW Cubins
[23-03-03][streamline][info][tid:9608][1s:792ms:908us]commonEntry.cpp:1169[ngxLog] [DldnCubinKernelMap::InitCubins:138] Setting DLDN Engine Pre / Post Cubins
[23-03-03][streamline][info][tid:9608][1s:989ms:935us]commonEntry.cpp:1170[ngxLog] [NGXDLAA::Init:208] Device 0x3ba109a0
[23-03-03][streamline][info][tid:9608][1s:989ms:989us]commonEntry.cpp:1170[ngxLog]  Detected Windows Version 10.0.26100.8457
[23-03-03][streamline][info][tid:9608][1s:990ms:445us]commonEntry.cpp:1170[ngxLog]  Sending Telemetry Init Data
[23-03-03][streamline][info][tid:9608][1s:990ms:458us]commonEntry.cpp:1170[ngxLog]  appExeName = sl.common.dll
[23-03-03][streamline][info][tid:9608][1s:990ms:470us]commonEntry.cpp:1170[ngxLog]  drsProfileName = 
[23-03-03][streamline][info][tid:9608][1s:990ms:478us]commonEntry.cpp:1170[ngxLog]  drsName = 
[23-03-03][streamline][info][tid:9608][1s:990ms:485us]commonEntry.cpp:1170[ngxLog]  AppIdType = RENDERING_ENGINE
[23-03-03][streamline][info][tid:9608][1s:990ms:492us]commonEntry.cpp:1170[ngxLog]  ProjectId = 535041524B4C45454E47494E45303031
[23-03-03][streamline][info][tid:9608][1s:990ms:499us]commonEntry.cpp:1170[ngxLog]  EngineVersion = SparkleEngine-Development
[23-03-03][streamline][info][tid:9608][1s:990ms:506us]commonEntry.cpp:1170[ngxLog]  EngineType = custom
[23-03-03][streamline][info][tid:9608][1s:990ms:512us]commonEntry.cpp:1170[ngxLog]  cmsId = 0
[23-03-03][streamline][info][tid:9608][1s:990ms:518us]commonEntry.cpp:1170[ngxLog]  featureType = SuperSampling
[23-03-03][streamline][info][tid:9608][1s:990ms:525us]commonEntry.cpp:1170[ngxLog]  gpuDeviceId = 12056
[23-03-03][streamline][info][tid:9608][1s:990ms:532us]commonEntry.cpp:1170[ngxLog]  gpuVendorId = 4318
[23-03-03][streamline][info][tid:9608][1s:990ms:539us]commonEntry.cpp:1170[ngxLog]  gpuSubSys = 349246562
[23-03-03][streamline][info][tid:9608][1s:990ms:545us]commonEntry.cpp:1170[ngxLog]  gpuRev = 161
[23-03-03][streamline][info][tid:9608][1s:990ms:552us]commonEntry.cpp:1170[ngxLog]  ngxSDKVersion = 1.5
[23-03-03][streamline][info][tid:9608][1s:990ms:558us]commonEntry.cpp:1170[ngxLog]  ngxCoreVersion = 1.4.0.0
[23-03-03][streamline][info][tid:9608][1s:990ms:565us]commonEntry.cpp:1170[ngxLog]  ngxFeatureVersion = 310.6.0
[23-03-03][streamline][info][tid:9608][1s:990ms:572us]commonEntry.cpp:1170[ngxLog]  displayDriverVersion = 610.47
[23-03-03][streamline][info][tid:9608][1s:990ms:579us]commonEntry.cpp:1170[ngxLog]  osVersion = 10.0.26100.8457
[23-03-03][streamline][info][tid:9608][1s:990ms:585us]commonEntry.cpp:1170[ngxLog]  APIType = 0
[23-03-03][streamline][info][tid:9608][1s:990ms:592us]commonEntry.cpp:1170[ngxLog]  FeatureInitResult = NvNGXFeatureInitSuccess
[23-03-03][streamline][info][tid:9608][1s:990ms:599us]commonEntry.cpp:1170[ngxLog]  GpuAPI = 2
[23-03-03][streamline][info][tid:9608][1s:990ms:605us]commonEntry.cpp:1170[ngxLog]  StreamlineVersion = 2,11,1,0
[23-03-03][streamline][info][tid:9608][1s:990ms:612us]commonEntry.cpp:1170[ngxLog]  StreamlineGitSHA = SHA: da40c631 v2.11.1-rc0
[23-03-03][streamline][info][tid:9608][1s:990ms:619us]commonEntry.cpp:1170[ngxLog]  ExeModuleName = ShowcaseEditor.exe
[23-03-03][streamline][info][tid:9608][1s:990ms:625us]commonEntry.cpp:1170[ngxLog]  OTAEnabled = 1
[23-03-03][streamline][info][tid:9608][1s:990ms:632us]commonEntry.cpp:1170[ngxLog]  -- END telemetry init data --
[23-03-03][streamline][info][tid:9608][1s:990ms:737us]commonEntry.cpp:1505[slOnPluginStartup] NGX loaded - app id 100721531 - application data path C:\Users\stole\AppData\Local\Temp\
[23-03-03][streamline][info][tid:9608][1s:990ms:761us]pluginManager.cpp:1468[mapPluginCallbacks] Callback sl.common:slSetData:0x0
[23-03-03][streamline][info][tid:9608][1s:990ms:769us]pluginManager.cpp:1469[mapPluginCallbacks] Callback sl.common:slGetData:0x0
[23-03-03][streamline][info][tid:9608][1s:990ms:776us]pluginManager.cpp:1470[mapPluginCallbacks] Callback sl.common:slAllocateResources:0x0
[23-03-03][streamline][info][tid:9608][1s:990ms:783us]pluginManager.cpp:1471[mapPluginCallbacks] Callback sl.common:slFreeResources:0x0
[23-03-03][streamline][info][tid:9608][1s:990ms:791us]pluginManager.cpp:1472[mapPluginCallbacks] Callback sl.common:slEvaluateFeature:0x7ffec6619680
[23-03-03][streamline][info][tid:9608][1s:990ms:797us]pluginManager.cpp:1473[mapPluginCallbacks] Callback sl.common:slSetTag:0x7ffec66183e0
[23-03-03][streamline][info][tid:9608][1s:990ms:804us]pluginManager.cpp:1474[mapPluginCallbacks] Callback sl.common:slSetTagForFrame:0x7ffec6618560
[23-03-03][streamline][info][tid:9608][1s:990ms:811us]pluginManager.cpp:1475[mapPluginCallbacks] Callback sl.common:slSetConsts:0x7ffec6619430
[23-03-03][streamline][info][tid:9608][1s:990ms:820us]pluginManager.cpp:1245[processPluginHooks] Hook sl.common:slHookVkPresent:before - skipped
[23-03-03][streamline][info][tid:9608][1s:990ms:827us]pluginManager.cpp:1245[processPluginHooks] Hook sl.common:slHookVkAfterPresent:after - skipped
[23-03-03][streamline][info][tid:9608][1s:990ms:834us]pluginManager.cpp:1245[processPluginHooks] Hook sl.common:slHookVkCmdBindPipeline:after - skipped
[23-03-03][streamline][info][tid:9608][1s:990ms:841us]pluginManager.cpp:1245[processPluginHooks] Hook sl.common:slHookVkCmdBindDescriptorSets:after - skipped
[23-03-03][streamline][info][tid:9608][1s:990ms:847us]pluginManager.cpp:1245[processPluginHooks] Hook sl.common:slHookVkBeginCommandBuffer:after - skipped
[23-03-03][streamline][info][tid:9608][1s:990ms:854us]pluginManager.cpp:1269[processPluginHooks] Hook sl.common:slHookResizeSwapChainPre:before - OK
[23-03-03][streamline][info][tid:9608][1s:990ms:861us]pluginManager.cpp:1269[processPluginHooks] Hook sl.common:slHookPresent:before - OK
[23-03-03][streamline][info][tid:9608][1s:990ms:867us]pluginManager.cpp:1269[processPluginHooks] Hook sl.common:slHookAfterPresent:after - OK
[23-03-03][streamline][info][tid:9608][1s:990ms:874us]pluginManager.cpp:1269[processPluginHooks] Hook sl.common:slHookPresent1:before - OK
[23-03-03][streamline][info][tid:9608][1s:990ms:880us]pluginManager.cpp:1269[processPluginHooks] Hook sl.common:slHookAfterPresent:after - OK
[23-03-03][streamline][info][tid:9608][1s:990ms:935us]pluginManager.cpp:1468[mapPluginCallbacks] Callback sl.pcl:slSetData:0x7ffede329b90
[23-03-03][streamline][info][tid:9608][1s:990ms:969us]pluginManager.cpp:1469[mapPluginCallbacks] Callback sl.pcl:slGetData:0x7ffede329ba0
[23-03-03][streamline][info][tid:9608][1s:990ms:983us]pluginManager.cpp:1470[mapPluginCallbacks] Callback sl.pcl:slAllocateResources:0x0
[23-03-03][streamline][info][tid:9608][1s:990ms:998us]pluginManager.cpp:1471[mapPluginCallbacks] Callback sl.pcl:slFreeResources:0x0
[23-03-03][streamline][info][tid:9608][1s:991ms:008us]pluginManager.cpp:1472[mapPluginCallbacks] Callback sl.pcl:slEvaluateFeature:0x0
[23-03-03][streamline][info][tid:9608][1s:991ms:018us]pluginManager.cpp:1473[mapPluginCallbacks] Callback sl.pcl:slSetTag:0x0
[23-03-03][streamline][info][tid:9608][1s:991ms:029us]pluginManager.cpp:1474[mapPluginCallbacks] Callback sl.pcl:slSetTagForFrame:0x0
[23-03-03][streamline][info][tid:9608][1s:991ms:047us]pluginManager.cpp:1475[mapPluginCallbacks] Callback sl.pcl:slSetConsts:0x0
[23-03-03][streamline][info][tid:9608][1s:991ms:057us]pluginManager.cpp:1230[processPluginHooks] Plugin 'sl.pcl' has no registered hooks
[23-03-03][streamline][info][tid:9608][1s:991ms:068us]d3d12.cpp:1186[createKernel] Creating DXBC kernel mvec.cs:main hash 16878813813918631183
[23-03-03][streamline][info][tid:9608][1s:991ms:080us]commonEntry.cpp:1169[ngxLog]  error: failed to load NGXCore: 126 (C:\Users\stole\Documents\GitHub\SparkleEngine\artifacts\dev\projects\Showcase\editor\DevelopmentEditor\_nvngx.dll)
[23-03-03][streamline][info][tid:9608][1s:991ms:090us]commonEntry.cpp:1169[ngxLog]  error: failed to load NGXCore: 126 (C:\Users\stole\Documents\GitHub\SparkleEngine\artifacts\dev\projects\Showcase\editor\DevelopmentEditor\nvngx.dll)
[23-03-03][streamline][info][tid:9608][1s:991ms:101us]commonEntry.cpp:1170[ngxLog]  NGXCore not found next to the application
[23-03-03][streamline][info][tid:9608][1s:991ms:111us]commonEntry.cpp:1170[ngxLog]  Checking for path to NGX using QueryAdapterInfo
[23-03-03][streamline][info][tid:9608][1s:991ms:121us]commonEntry.cpp:1169[ngxLog]  error: no matching adapter found
[23-03-03][streamline][info][tid:9608][1s:991ms:131us]commonEntry.cpp:1170[ngxLog]  Trying registry key NGXPath in System\CurrentControlSet\Services\nvlddmkm\Parameters\NGXCore
[23-03-03][streamline][info][tid:9608][1s:991ms:141us]commonEntry.cpp:1170[ngxLog]  Found registry key NGXPath in System\CurrentControlSet\Services\nvlddmkm\Parameters\NGXCore
[23-03-03][streamline][info][tid:9608][1s:997ms:932us]commonEntry.cpp:1170[ngxLog]  Loaded NGXCore from path (C:\WINDOWS\System32\DriverStore\FileRepository\nvmii.inf_amd64_b154845e0640934c\_nvngx.dll)
[23-03-03][streamline][info][tid:9608][1s:997ms:956us]commonEntry.cpp:1169[ngxLog]  Loading C:\WINDOWS\System32\DriverStore\FileRepository\nvmii.inf_amd64_b154845e0640934c\_nvngx.dll succeeded
[23-03-03][streamline][info][tid:9608][1s:997ms:967us]commonEntry.cpp:1169[ngxLog]  using path for models: C:\ProgramData\NVIDIA\NGX\models
[23-03-03][streamline][info][tid:9608][1s:998ms:032us]commonEntry.cpp:1169[ngxLog]  listItem.engineVersion .* listItem.genericCMSId 86aa7b4
[23-03-03][streamline][info][tid:9608][1s:998ms:059us]commonEntry.cpp:1169[ngxLog]   project id 3F9D696D4363312194B0ECB2671E899F cms id B9FBD50
[23-03-03][streamline][info][tid:9608][1s:998ms:069us]commonEntry.cpp:1169[ngxLog]  listItem.engineVersion .* listItem.genericCMSId 8618954
[23-03-03][streamline][info][tid:9608][1s:998ms:076us]commonEntry.cpp:1169[ngxLog]  listItem.engineVersion .* listItem.genericCMSId b9b05cc
[23-03-03][streamline][info][tid:9608][1s:998ms:083us]commonEntry.cpp:1169[ngxLog]  listItem.engineVersion .* listItem.genericCMSId 876232c
[23-03-03][streamline][info][tid:9608][1s:998ms:090us]commonEntry.cpp:1169[ngxLog]  Found cms id 876232c for engine: custom engineVersion SparkleEngine-Development projectID 535041524B4C45454E47494E45303031
[23-03-03][streamline][info][tid:9608][1s:998ms:098us]pluginManager.cpp:1468[mapPluginCallbacks] Callback sl.dlss:slSetData:0x7ffeca3fc340
[23-03-03][streamline][info][tid:9608][1s:998ms:105us]pluginManager.cpp:1469[mapPluginCallbacks] Callback sl.dlss:slGetData:0x7ffeca400a10
[23-03-03][streamline][info][tid:9608][1s:998ms:113us]pluginManager.cpp:1470[mapPluginCallbacks] Callback sl.dlss:slAllocateResources:0x7ffeca4011a0
[23-03-03][streamline][info][tid:9608][1s:998ms:120us]pluginManager.cpp:1471[mapPluginCallbacks] Callback sl.dlss:slFreeResources:0x7ffeca401240
[23-03-03][streamline][info][tid:9608][1s:998ms:127us]pluginManager.cpp:1472[mapPluginCallbacks] Callback sl.dlss:slEvaluateFeature:0x0
[23-03-03][streamline][info][tid:9608][1s:998ms:133us]pluginManager.cpp:1473[mapPluginCallbacks] Callback sl.dlss:slSetTag:0x0
[23-03-03][streamline][info][tid:9608][1s:998ms:140us]pluginManager.cpp:1474[mapPluginCallbacks] Callback sl.dlss:slSetTagForFrame:0x0
[23-03-03][streamline][info][tid:9608][1s:998ms:147us]pluginManager.cpp:1475[mapPluginCallbacks] Callback sl.dlss:slSetConsts:0x0
[23-03-03][streamline][info][tid:9608][1s:998ms:153us]pluginManager.cpp:1230[processPluginHooks] Plugin 'sl.dlss' has no registered hooks
[23-03-04][streamline][info][tid:17532][2s:187ms:759us]ota.cpp:148[execThreadProc] execThreadProc: C:\WINDOWS\System32\DriverStore\FileRepository\nvmii.inf_amd64_b154845e0640934c\nvngx_update.exe -cmsid 0 -feature sl_sdk_0 -api update -type zip -gpuarch 0x1B0 -bootstrap -optional
[23-03-04][streamline][info][tid:9608][2s:659ms:118us]commonEntry.cpp:1170[ngxLog] [NGXDLAA::DLSS_GetOptimalSettings:195] Getting Optimal Settings...
[23-03-04][streamline][info][tid:9608][2s:659ms:153us]commonEntry.cpp:1170[ngxLog] [NGXDLAA::DLSS_GetOptimalSettings:199] Input DisplayWidth: 4240
[23-03-04][streamline][info][tid:9608][2s:659ms:164us]commonEntry.cpp:1170[ngxLog] [NGXDLAA::DLSS_GetOptimalSettings:200] Input DisplayHeight: 1392
[23-03-04][streamline][info][tid:9608][2s:659ms:172us]commonEntry.cpp:1170[ngxLog] [NGXDLAA::DLSS_GetOptimalSettings:202] Input PerfQualityValue: 2
[23-03-04][streamline][info][tid:9608][2s:659ms:180us]commonEntry.cpp:1170[ngxLog] [NGXDLAA::DLSS_GetOptimalSettings:226] Output OptimalWidth: 2827
[23-03-04][streamline][info][tid:9608][2s:659ms:188us]commonEntry.cpp:1170[ngxLog] [NGXDLAA::DLSS_GetOptimalSettings:227] Output OptimalHeight: 928
[23-03-04][streamline][info][tid:9608][2s:659ms:195us]commonEntry.cpp:1170[ngxLog] [NGXDLAA::DLSS_GetOptimalSettings:228] Output DynamicMaxWidth: 4240
[23-03-04][streamline][info][tid:9608][2s:659ms:202us]commonEntry.cpp:1170[ngxLog] [NGXDLAA::DLSS_GetOptimalSettings:229] Output DynamicMaxHeight: 1392
[23-03-04][streamline][info][tid:9608][2s:659ms:213us]commonEntry.cpp:1170[ngxLog] [NGXDLAA::DLSS_GetOptimalSettings:230] Output DynamicMinWidth: 2120
[23-03-04][streamline][info][tid:9608][2s:659ms:221us]commonEntry.cpp:1170[ngxLog] [NGXDLAA::DLSS_GetOptimalSettings:231] Output DynamicMinHeight: 696
[23-03-04][streamline][info][tid:9608][2s:659ms:228us]commonEntry.cpp:1170[ngxLog] [NGXDLAA::DLSS_GetOptimalSettings:232] Output DLSSMode: 1
[23-03-04][streamline][info][tid:9608][2s:659ms:236us]commonEntry.cpp:1170[ngxLog] [NGXDLAA::DLSS_GetOptimalSettings:233] Output Sharpness: 0.350000
[23-03-04][streamline][info][tid:9608][2s:659ms:243us]commonEntry.cpp:1169[ngxLog]  app id is 141959980 
[23-03-04][streamline][info][tid:9608][2s:659ms:250us]commonEntry.cpp:1170[ngxLog] [NGXCubinD3D12::ProcessParameters:1278] Registering resource allocation callback
[23-03-04][streamline][info][tid:9608][2s:659ms:257us]commonEntry.cpp:1170[ngxLog] [NGXCubinD3D12::ProcessParameters:1288] Registering resource release callback
[23-03-04][streamline][info][tid:9608][2s:659ms:264us]commonEntry.cpp:1169[ngxLog] [NgxRayReconstruction::FillCreationParams::<lambda_3c5f420f0640ef4ba91d0aefc6f3411b>::operator ():1786] Info: (DLAA) Using Default Overriden Preset Preset_D
[23-03-04][streamline][info][tid:9608][2s:659ms:272us]commonEntry.cpp:1169[ngxLog] [NgxRayReconstruction::FillCreationParams::<lambda_3c5f420f0640ef4ba91d0aefc6f3411b>::operator ():1786] Info: (Quality) Using Default Overriden Preset Preset_D
[23-03-04][streamline][info][tid:9608][2s:659ms:279us]commonEntry.cpp:1169[ngxLog] [NgxRayReconstruction::FillCreationParams::<lambda_3c5f420f0640ef4ba91d0aefc6f3411b>::operator ():1786] Info: (Balanced) Using Default Overriden Preset Preset_D
[23-03-04][streamline][info][tid:9608][2s:659ms:287us]commonEntry.cpp:1169[ngxLog] [NgxRayReconstruction::FillCreationParams::<lambda_3c5f420f0640ef4ba91d0aefc6f3411b>::operator ():1786] Info: (Perf) Using Default Overriden Preset Preset_D
[23-03-04][streamline][info][tid:9608][2s:659ms:294us]commonEntry.cpp:1169[ngxLog] [NgxRayReconstruction::FillCreationParams::<lambda_3c5f420f0640ef4ba91d0aefc6f3411b>::operator ():1786] Info: (UltraPerf) Using Default Overriden Preset Preset_D
[23-03-04][streamline][info][tid:9608][2s:659ms:301us]commonEntry.cpp:1169[ngxLog] [NgxRayReconstruction::FillCreationParams::<lambda_3c5f420f0640ef4ba91d0aefc6f3411b>::operator ():1786] Info: (UltraQuality) Using Default Overriden Preset Preset_D
[23-03-04][streamline][info][tid:9608][2s:659ms:308us]commonEntry.cpp:1169[ngxLog] [NgxDltss::FillCreationParams::<lambda_2e4c96c3f5e2ca3208cc85b6ace3ec50>::operator ():2924] Info: (DLAA) Using App hint Preset K
[23-03-04][streamline][info][tid:9608][2s:659ms:324us]commonEntry.cpp:1169[ngxLog] [NgxDltss::FillCreationParams::<lambda_2e4c96c3f5e2ca3208cc85b6ace3ec50>::operator ():2924] Info: (Quality) Using App hint Preset K
[23-03-04][streamline][info][tid:9608][2s:659ms:333us]commonEntry.cpp:1169[ngxLog] [NgxDltss::FillCreationParams::<lambda_2e4c96c3f5e2ca3208cc85b6ace3ec50>::operator ():2924] Info: (Balanced) Using App hint Preset K
[23-03-04][streamline][info][tid:9608][2s:659ms:340us]commonEntry.cpp:1169[ngxLog] [NgxDltss::FillCreationParams::<lambda_2e4c96c3f5e2ca3208cc85b6ace3ec50>::operator ():2924] Info: (Perf) Using App hint Preset M
[23-03-04][streamline][info][tid:9608][2s:659ms:347us]commonEntry.cpp:1169[ngxLog] [NgxDltss::FillCreationParams::<lambda_2e4c96c3f5e2ca3208cc85b6ace3ec50>::operator ():2924] Info: (UltraPerf) Using App hint Preset L
[23-03-04][streamline][info][tid:9608][2s:659ms:353us]commonEntry.cpp:1169[ngxLog] [NgxDltss::FillCreationParams::<lambda_2e4c96c3f5e2ca3208cc85b6ace3ec50>::operator ():2914] Info: (UltraQuality) App hint Preset Unspecified or Overridden, using title default Preset K
[23-03-04][streamline][info][tid:9608][2s:659ms:360us]commonEntry.cpp:1170[ngxLog] [NGXDLAA::CreateDlssInstance:2030] CreationNodeMask=0x1, VisibilityNodeMask=0x1, Node=0
[23-03-04][streamline][info][tid:9608][2s:659ms:367us]commonEntry.cpp:1170[ngxLog] [NGXDLAA::CreateDlssInstance:2130] InCreationTimeWidth 2827
[23-03-04][streamline][info][tid:9608][2s:659ms:375us]commonEntry.cpp:1170[ngxLog] [NGXDLAA::CreateDlssInstance:2131] InCreationTimeHeight 928
[23-03-04][streamline][info][tid:9608][2s:659ms:382us]commonEntry.cpp:1170[ngxLog] [NGXDLAA::CreateDlssInstance:2132] InDynamicMaxSetDims.Width 4240
[23-03-04][streamline][info][tid:9608][2s:659ms:389us]commonEntry.cpp:1170[ngxLog] [NGXDLAA::CreateDlssInstance:2133] InDynamicMaxSetDims.Height 1392
[23-03-04][streamline][info][tid:9608][2s:659ms:396us]commonEntry.cpp:1170[ngxLog] [NGXDLAA::CreateDlssInstance:2134] InDynamicMinSetDims.Width 2120
[23-03-04][streamline][info][tid:9608][2s:659ms:402us]commonEntry.cpp:1170[ngxLog] [NGXDLAA::CreateDlssInstance:2135] InDynamicMinSetDims.Height 696
[23-03-04][streamline][info][tid:9608][2s:659ms:409us]commonEntry.cpp:1170[ngxLog] [NGXDLAA::CreateDlssInstance:2136] OutWidth 4240
[23-03-04][streamline][info][tid:9608][2s:659ms:416us]commonEntry.cpp:1170[ngxLog] [NGXDLAA::CreateDlssInstance:2137] OutHeight 1392
[23-03-04][streamline][info][tid:9608][2s:659ms:422us]commonEntry.cpp:1170[ngxLog] [NGXDLAA::CreateDlssInstance:2138] HDR 1
[23-03-04][streamline][info][tid:9608][2s:659ms:429us]commonEntry.cpp:1170[ngxLog] [NGXDLAA::CreateDlssInstance:2139] Motion Vectors LowRes 1
[23-03-04][streamline][info][tid:9608][2s:659ms:435us]commonEntry.cpp:1170[ngxLog] [NGXDLAA::CreateDlssInstance:2140] Motion Vectors Jittered 1
[23-03-04][streamline][info][tid:9608][2s:659ms:442us]commonEntry.cpp:1170[ngxLog] [NGXDLAA::CreateDlssInstance:2141] Depth Inverted 0
[23-03-04][streamline][info][tid:9608][2s:659ms:449us]commonEntry.cpp:1170[ngxLog] [NGXDLAA::CreateDlssInstance:2142] Do Sharpening 0
[23-03-04][streamline][info][tid:9608][2s:659ms:455us]commonEntry.cpp:1170[ngxLog] [NGXDLAA::CreateDlssInstance:2144] Alpha Upscaling Enabled 0
[23-03-04][streamline][info][tid:9608][2s:659ms:462us]commonEntry.cpp:1170[ngxLog] [NGXDLAA::CreateDlssInstance:2146] PerfQualityValue NVSDK_NGX_PerfQuality_Value_MaxQuality (2)
[23-03-04][streamline][info][tid:9608][2s:659ms:469us]commonEntry.cpp:1170[ngxLog] [NGXDLAA::CreateDlssInstance:2151] DLSS-D Mode NVSDK_NGX_DLSS_Denoise_Mode_Off (0)
[23-03-04][streamline][info][tid:9608][2s:659ms:780us]commonEntry.cpp:1170[ngxLog] [NGXCubinGeneric::CreateBufferResource:707] CUBIN 1D alloc (LumaBuffer), m_allocCount=1, currentSize 5.6 MB, totalSize 5.6 MB
[23-03-04][streamline][info][tid:9608][2s:660ms:177us]generic.cpp:719[manageVRAM] vram alloc [sl.dlss 1 5.0MB usage:0.00GB budget:0.00GB] resource 0x255c28769b0 [5902080:1:eFormatINVALID] - 'Unknown'
[23-03-04][streamline][info][tid:9608][2s:660ms:195us]commonEntry.cpp:1170[ngxLog] [NGXCubinGeneric::CreateBufferResource:707] CUBIN 1D alloc (ReduceBuffer), m_allocCount=2, currentSize 5.6 MB, totalSize 11.3 MB
[23-03-04][streamline][info][tid:9608][2s:660ms:539us]generic.cpp:719[manageVRAM] vram alloc [sl.dlss 2 11.0MB usage:0.00GB budget:0.00GB] resource 0x255c28781d0 [5902080:1:eFormatINVALID] - 'Unknown'
[23-03-04][streamline][info][tid:9608][2s:660ms:557us]commonEntry.cpp:1170[ngxLog] [NGXCubinGeneric::CreateTexture2DResourceShared:887] CUBIN 2D alloc (AutoExposure), m_allocCount=3, currentSize 0.0 MB, totalSize 11.3 MB
[23-03-04][streamline][info][tid:9608][2s:660ms:774us]generic.cpp:719[manageVRAM] vram alloc [sl.dlss 3 11.0MB usage:0.00GB budget:0.00GB] resource 0x2533c5e9280 [1:1:eFormatR16F] - 'Unknown'
[23-03-04][streamline][info][tid:9608][2s:660ms:790us]commonEntry.cpp:1170[ngxLog] [NgxDltss::CreateDlssInstance:3135] Dltss training set is : garrulous_pillbug_424_weightsdesc
[23-03-04][streamline][info][tid:9608][2s:660ms:798us]commonEntry.cpp:1170[ngxLog] [NgxDltss::CreateDlssInstance:3136] Dltss Mask Mode is : INPUT_MASK_COLOR_VARIANCE_ONLY
[23-03-04][streamline][info][tid:9608][2s:660ms:805us]commonEntry.cpp:1170[ngxLog] [NGXCubinGeneric::CreateTexture2DResourceShared:887] CUBIN 2D alloc (LumaResYHistory_0), m_allocCount=4, currentSize 45.0 MB, totalSize 56.3 MB
[23-03-04][streamline][info][tid:9608][2s:661ms:881us]generic.cpp:719[manageVRAM] vram alloc [sl.dlss 4 56.0MB usage:0.00GB budget:0.00GB] resource 0x2533c5e6040 [8480:2784:eFormatR16F] - 'Unknown'
[23-03-04][streamline][info][tid:9608][2s:661ms:902us]commonEntry.cpp:1170[ngxLog] [NGXCubinGeneric::CreateTexture2DResourceShared:887] CUBIN 2D alloc (LumaResYHistory_1), m_allocCount=5, currentSize 45.0 MB, totalSize 101.3 MB
[23-03-04][streamline][info][tid:9608][2s:663ms:016us]generic.cpp:719[manageVRAM] vram alloc [sl.dlss 5 101.0MB usage:0.00GB budget:0.00GB] resource 0x2533c5e9f10 [8480:2784:eFormatR16F] - 'Unknown'
[23-03-04][streamline][info][tid:9608][2s:663ms:033us]commonEntry.cpp:1170[ngxLog] [NGXCubinGeneric::CreateTexture2DResourceShared:887] CUBIN 2D alloc (ChromaResYcocgHistoryAndAge_0), m_allocCount=6, currentSize 45.0 MB, totalSize 146.3 MB
[23-03-04][streamline][info][tid:9608][2s:664ms:382us]generic.cpp:719[manageVRAM] vram alloc [sl.dlss 6 146.0MB usage:0.00GB budget:0.00GB] resource 0x2533c5eaba0 [4240:1392:eFormatRGBA16F] - 'Unknown'
[23-03-04][streamline][info][tid:9608][2s:664ms:403us]commonEntry.cpp:1170[ngxLog] [NGXCubinGeneric::CreateTexture2DResourceShared:887] CUBIN 2D alloc (ChromaResYcocgHistoryAndAge_1), m_allocCount=7, currentSize 45.0 MB, totalSize 191.4 MB
[23-03-04][streamline][info][tid:9608][2s:665ms:533us]generic.cpp:719[manageVRAM] vram alloc [sl.dlss 7 191.0MB usage:0.00GB budget:0.00GB] resource 0x2533c5eb830 [4240:1392:eFormatRGBA16F] - 'Unknown'
[23-03-04][streamline][info][tid:9608][2s:665ms:551us]commonEntry.cpp:1170[ngxLog] [NGXCubinGeneric::CreateTexture2DResourceShared:887] CUBIN 2D alloc (FoldedResHiddenHistory), m_allocCount=8, currentSize 2.9 MB, totalSize 194.3 MB
[23-03-04][streamline][info][tid:9608][2s:665ms:917us]generic.cpp:719[manageVRAM] vram alloc [sl.dlss 8 194.0MB usage:0.00GB budget:0.00GB] resource 0x2533c5e85f0 [1088:352:eFormatRGBA16F] - 'Unknown'
[23-03-04][streamline][info][tid:9608][2s:665ms:941us]commonEntry.cpp:1170[ngxLog] [NGXCubinGeneric::CreateTexture2DResourceShared:887] CUBIN 2D alloc (PreviousFrameExposure), m_allocCount=9, currentSize 0.0 MB, totalSize 194.3 MB
[23-03-04][streamline][info][tid:9608][2s:666ms:215us]generic.cpp:719[manageVRAM] vram alloc [sl.dlss 9 194.0MB usage:0.00GB budget:0.00GB] resource 0x2533c5ec4c0 [1:1:eFormatR16F] - 'Unknown'
[23-03-04][streamline][info][tid:9608][2s:666ms:244us]commonEntry.cpp:1170[ngxLog] [NGXCubinGeneric::CreateBufferResource:707] CUBIN 1D alloc (FastLanczosLut), m_allocCount=10, currentSize 0.0 MB, totalSize 194.3 MB
[23-03-04][streamline][info][tid:9608][2s:666ms:577us]generic.cpp:719[manageVRAM] vram alloc [sl.dlss 10 194.0MB usage:0.00GB budget:0.00GB] resource 0x255c2875da0 [1024:1:eFormatINVALID] - 'Unknown'
[23-03-04][streamline][info][tid:9608][2s:666ms:600us]commonEntry.cpp:1170[ngxLog] [NGXCubinGeneric::CreateBufferResource:707] CUBIN 1D alloc (FastLanczosScratchBuffer), m_allocCount=11, currentSize 0.0 MB, totalSize 194.3 MB
[23-03-04][streamline][info][tid:9608][2s:666ms:877us]generic.cpp:719[manageVRAM] vram alloc [sl.dlss 11 194.0MB usage:0.00GB budget:0.00GB] resource 0x255c287b210 [1024:1:eFormatINVALID] - 'Unknown'
[23-03-04][streamline][info][tid:9608][2s:668ms:686us]commonEntry.cpp:1170[ngxLog] [NGXCubinGeneric::CreateBufferResource:707] CUBIN 1D alloc (HilumaV2Lut), m_allocCount=12, currentSize 0.5 MB, totalSize 194.8 MB
[23-03-04][streamline][info][tid:9608][2s:668ms:958us]generic.cpp:719[manageVRAM] vram alloc [sl.dlss 12 194.0MB usage:0.00GB budget:0.00GB] resource 0x255c287be20 [524288:1:eFormatINVALID] - 'Unknown'
[23-03-04][streamline][info][tid:9608][2s:668ms:980us]commonEntry.cpp:1170[ngxLog] [NGXCubinGeneric::CreateBufferResource:707] CUBIN 1D alloc (HilumaV2LutScratchBuffer), m_allocCount=13, currentSize 0.5 MB, totalSize 195.3 MB
[23-03-04][streamline][info][tid:9608][2s:669ms:199us]generic.cpp:719[manageVRAM] vram alloc [sl.dlss 13 195.0MB usage:0.00GB budget:0.00GB] resource 0x255c287a600 [524288:1:eFormatINVALID] - 'Unknown'
[23-03-04][streamline][info][tid:9608][2s:669ms:386us]commonEntry.cpp:1170[ngxLog] [NGXCubinGeneric::CreateBufferResource:707] CUBIN 1D alloc (ScratchBuffer), m_allocCount=14, currentSize 6.0 MB, totalSize 201.3 MB
[23-03-04][streamline][info][tid:9608][2s:669ms:710us]generic.cpp:719[manageVRAM] vram alloc [sl.dlss 14 201.0MB usage:0.00GB budget:0.00GB] resource 0x255c287ca30 [6291456:1:eFormatINVALID] - 'Unknown'
[23-03-04][streamline][info][tid:9608][2s:669ms:728us]commonEntry.cpp:1170[ngxLog] [NgxDltss::BuildDltssNetwork:3628] Use Neural Pipe overrides fused mode : NGX_DLTSS_FUSED_ALL_LAYERS -> NGX_DLTSS_FUSED_FIRST_LAYERS
[23-03-04][streamline][info][tid:9608][2s:669ms:736us]commonEntry.cpp:1170[ngxLog] [NGXCubinGeneric::CreateBufferResource:707] CUBIN 1D alloc (PaddedWindowAllTensors), m_allocCount=15, currentSize 29.2 MB, totalSize 230.5 MB
[23-03-04][streamline][info][tid:9608][2s:670ms:508us]generic.cpp:719[manageVRAM] vram alloc [sl.dlss 15 230.0MB usage:0.00GB budget:0.00GB] resource 0x255c28799f0 [30638080:1:eFormatINVALID] - 'Unknown'
[23-03-04][streamline][info][tid:9608][2s:670ms:593us]commonEntry.cpp:1169[ngxLog] [PaddedWindowNetwork::CreatePaddedWindowNetwork:399] Container0Tensor: 29 MiB allocated
[23-03-04][streamline][info][tid:9608][2s:670ms:602us]commonEntry.cpp:1169[ngxLog] [PaddedWindowNetwork::CreatePaddedWindowNetwork:403] Container1Tensor: 35 MiB aliased
[23-03-04][streamline][info][tid:9608][2s:670ms:609us]commonEntry.cpp:1169[ngxLog] [PaddedWindowNetwork::CreatePaddedWindowNetwork:407] Container2Tensor: 23 MiB aliased
[23-03-04][streamline][info][tid:9608][2s:696ms:624us]commonEntry.cpp:1170[ngxLog] [NGXCubinGeneric::CreateBufferResource:707] CUBIN 1D alloc (WeightsBuffer), m_allocCount=16, currentSize 3.4 MB, totalSize 233.9 MB
[23-03-04][streamline][info][tid:9608][2s:697ms:046us]generic.cpp:719[manageVRAM] vram alloc [sl.dlss 16 233.0MB usage:0.00GB budget:0.00GB] resource 0x255c287d640 [3545824:1:eFormatINVALID] - 'Unknown'
[23-03-04][streamline][info][tid:9608][2s:718ms:520us]commonEntry.cpp:1170[ngxLog]  stored create feature dlss handle 1
[23-03-04][streamline][info][tid:9608][2s:718ms:567us]dlssEntry.cpp:479[dlssBeginEvent] Created DLSSContext feature (2827,928)(optimal) -> (4240,1392) for viewport 0
[23-03-04][streamline][info][tid:9608][2s:718ms:579us]dlssEntry.cpp:481[dlssBeginEvent] DLSSContext color_in extents (0,0,4240,1392)
[23-03-04][streamline][info][tid:9608][2s:718ms:587us]dlssEntry.cpp:482[dlssBeginEvent] DLSSContext color_out extents (0,0,4240,1392)
[23-03-04][streamline][info][tid:9608][2s:718ms:594us]dlssEntry.cpp:483[dlssBeginEvent] DLSSContext depth extents (0,0,4240,1392)
[23-03-04][streamline][info][tid:9608][2s:718ms:602us]dlssEntry.cpp:484[dlssBeginEvent] DLSSContext mvec extents (0,0,4240,1392)
[23-03-04][streamline][info][tid:9608][2s:718ms:724us]commonEntry.cpp:1170[ngxLog] [NgxDltss::EvaluateDltss:1657] OutWidth 4240
[23-03-04][streamline][info][tid:9608][2s:718ms:734us]commonEntry.cpp:1170[ngxLog] [NgxDltss::EvaluateDltss:1658] OutHeight 1392
[23-03-04][streamline][info][tid:9608][2s:718ms:742us]commonEntry.cpp:1170[ngxLog] [NgxDltss::EvaluateDltss:1659] MV.Scale.X 1.000000
[23-03-04][streamline][info][tid:9608][2s:718ms:750us]commonEntry.cpp:1170[ngxLog] [NgxDltss::EvaluateDltss:1660] MV.Scale.Y 1.000000
[23-03-04][streamline][info][tid:9608][2s:718ms:757us]commonEntry.cpp:1170[ngxLog] [NgxDltss::EvaluateDltss:1663] Hint.RunPrePass 1
[23-03-04][streamline][info][tid:9608][2s:718ms:764us]commonEntry.cpp:1170[ngxLog] [NgxDltss::EvaluateDltss:1664] Hint.RunPass 1
[23-03-04][streamline][info][tid:9608][2s:718ms:771us]commonEntry.cpp:1170[ngxLog] [NgxDltss::EvaluateDltss:1665] Hint.RunPostPass 1
[23-03-04][streamline][info][tid:9608][2s:718ms:778us]commonEntry.cpp:1170[ngxLog] [NgxDltss::EvaluateDltss:1666] Hint.HDR 1
[23-03-04][streamline][info][tid:9608][2s:718ms:785us]commonEntry.cpp:1170[ngxLog] [NgxDltss::EvaluateDltss:1667] NeedHistoryReset 1
[23-03-04][streamline][info][tid:9608][2s:719ms:555us]commonEntry.cpp:1170[ngxLog]  Sending Telemetry: DLSS Eval Data
[23-03-04][streamline][info][tid:9608][2s:719ms:581us]commonEntry.cpp:1170[ngxLog]  QualityMode = 3
[23-03-04][streamline][info][tid:9608][2s:719ms:592us]commonEntry.cpp:1170[ngxLog]  DenoiseMode = 0
[23-03-04][streamline][info][tid:9608][2s:719ms:599us]commonEntry.cpp:1170[ngxLog]  Width = 2827
[23-03-04][streamline][info][tid:9608][2s:719ms:607us]commonEntry.cpp:1170[ngxLog]  Height = 928
[23-03-04][streamline][info][tid:9608][2s:719ms:615us]commonEntry.cpp:1170[ngxLog]  OutWidth = 4240
[23-03-04][streamline][info][tid:9608][2s:719ms:621us]commonEntry.cpp:1170[ngxLog]  OutHeight = 1392
[23-03-04][streamline][info][tid:9608][2s:719ms:628us]commonEntry.cpp:1170[ngxLog]  MVScaleX = 1.000000
[23-03-04][streamline][info][tid:9608][2s:719ms:635us]commonEntry.cpp:1170[ngxLog]  MVScaleY = 1.000000
[23-03-04][streamline][info][tid:9608][2s:719ms:642us]commonEntry.cpp:1170[ngxLog]  FullscreenMode = 0
[23-03-04][streamline][info][tid:9608][2s:719ms:649us]commonEntry.cpp:1170[ngxLog]  AutoExposure = 1
[23-03-04][streamline][info][tid:9608][2s:719ms:656us]commonEntry.cpp:1170[ngxLog]  Sharpness = 0.000000
[23-03-04][streamline][info][tid:9608][2s:719ms:663us]commonEntry.cpp:1170[ngxLog]  WeightName = garrulous_pillbug_424,garrulous_pillbug_424_weightsdesc
[23-03-04][streamline][info][tid:9608][2s:719ms:671us]commonEntry.cpp:1170[ngxLog]  WeightVariantName = WEIGHT_MODE_MVEC_DIFF
[23-03-04][streamline][info][tid:9608][2s:719ms:678us]commonEntry.cpp:1170[ngxLog]  DepthInverted = 0
[23-03-04][streamline][info][tid:9608][2s:719ms:686us]commonEntry.cpp:1170[ngxLog]  MVJittered = 1
[23-03-04][streamline][info][tid:9608][2s:719ms:693us]commonEntry.cpp:1170[ngxLog]  ColorExtentWidth = 4240
[23-03-04][streamline][info][tid:9608][2s:719ms:700us]commonEntry.cpp:1170[ngxLog]  ColorExtentHeight = 1392
[23-03-04][streamline][info][tid:9608][2s:719ms:707us]commonEntry.cpp:1170[ngxLog]  ColorExtentBaseX = 0
[23-03-04][streamline][info][tid:9608][2s:719ms:714us]commonEntry.cpp:1170[ngxLog]  ColorExtentBaseY = 0
[23-03-04][streamline][info][tid:9608][2s:719ms:720us]commonEntry.cpp:1170[ngxLog]  MVExtentWidth = 4240
[23-03-04][streamline][info][tid:9608][2s:719ms:727us]commonEntry.cpp:1170[ngxLog]  MVExtentHeight = 1392
[23-03-04][streamline][info][tid:9608][2s:719ms:734us]commonEntry.cpp:1170[ngxLog]  MVExtentBaseX = 0
[23-03-04][streamline][info][tid:9608][2s:719ms:741us]commonEntry.cpp:1170[ngxLog]  MVExtentBaseY = 0
[23-03-04][streamline][info][tid:9608][2s:719ms:748us]commonEntry.cpp:1170[ngxLog]  VRAMAllocated = 245
[23-03-04][streamline][info][tid:9608][2s:719ms:755us]commonEntry.cpp:1170[ngxLog]  appExeName = sl.common.dll
[23-03-04][streamline][info][tid:9608][2s:719ms:762us]commonEntry.cpp:1170[ngxLog]  drsProfileName = 
[23-03-04][streamline][info][tid:9608][2s:719ms:768us]commonEntry.cpp:1170[ngxLog]  drsName = 
[23-03-04][streamline][info][tid:9608][2s:719ms:775us]commonEntry.cpp:1170[ngxLog]  AppIdType = RENDERING_ENGINE
[23-03-04][streamline][info][tid:9608][2s:719ms:782us]commonEntry.cpp:1170[ngxLog]  ProjectId = 535041524B4C45454E47494E45303031
[23-03-04][streamline][info][tid:9608][2s:719ms:790us]commonEntry.cpp:1170[ngxLog]  EngineVersion = SparkleEngine-Development
[23-03-04][streamline][info][tid:9608][2s:719ms:796us]commonEntry.cpp:1170[ngxLog]  EngineType = custom
[23-03-04][streamline][info][tid:9608][2s:719ms:804us]commonEntry.cpp:1170[ngxLog]  cmsId = 0
[23-03-04][streamline][info][tid:9608][2s:719ms:811us]commonEntry.cpp:1170[ngxLog]  gpuDeviceId = 12056
[23-03-04][streamline][info][tid:9608][2s:719ms:817us]commonEntry.cpp:1170[ngxLog]  gpuVendorId = 4318
[23-03-04][streamline][info][tid:9608][2s:719ms:824us]commonEntry.cpp:1170[ngxLog]  gpuSubSys = 349246562
[23-03-04][streamline][info][tid:9608][2s:719ms:831us]commonEntry.cpp:1170[ngxLog]  gpuRev = 161
[23-03-04][streamline][info][tid:9608][2s:719ms:838us]commonEntry.cpp:1170[ngxLog]  ngxSDKVersion = 1.5
[23-03-04][streamline][info][tid:9608][2s:719ms:845us]commonEntry.cpp:1170[ngxLog]  ngxCoreVersion = 1.4.0.0
[23-03-04][streamline][info][tid:9608][2s:719ms:853us]commonEntry.cpp:1170[ngxLog]  ngxFeatureVersion = 310.6.0
[23-03-04][streamline][info][tid:9608][2s:719ms:860us]commonEntry.cpp:1170[ngxLog]  displayDriverVersion = 610.47
[23-03-04][streamline][info][tid:9608][2s:719ms:867us]commonEntry.cpp:1170[ngxLog]  osVersion = 10.0.26100.8457
[23-03-04][streamline][info][tid:9608][2s:719ms:873us]commonEntry.cpp:1170[ngxLog]  APIType = 0
[23-03-04][streamline][info][tid:9608][2s:719ms:880us]commonEntry.cpp:1170[ngxLog]  GpuAPI = 2
[23-03-04][streamline][info][tid:9608][2s:719ms:887us]commonEntry.cpp:1170[ngxLog]  StreamlineVersion = 2,11,1,0
[23-03-04][streamline][info][tid:9608][2s:719ms:894us]commonEntry.cpp:1170[ngxLog]  StreamlineGitSHA = SHA: da40c631 v2.11.1-rc0
[23-03-04][streamline][info][tid:9608][2s:719ms:901us]commonEntry.cpp:1170[ngxLog]  ExeModuleName = ShowcaseEditor.exe
[23-03-04][streamline][info][tid:9608][2s:719ms:907us]commonEntry.cpp:1170[ngxLog]  SnippetSchemaVer = 4.2
[23-03-04][streamline][info][tid:9608][2s:719ms:915us]commonEntry.cpp:1170[ngxLog]  -- END telemetry evaluate data --
[23-03-04][streamline][info][tid:9608][2s:772ms:053us]generic.cpp:719[manageVRAM] vram alloc [sl.common 1 16.0MB usage:0.00GB budget:0.00GB] resource 0x255c29f3420 [4240:1040:eFormatRGBA8UN] - 'sl.tag.kBufferTypeScalingInputColor.volatile.0'
[23-03-04][streamline][info][tid:9608][2s:772ms:677us]generic.cpp:719[manageVRAM] vram alloc [sl.common 2 33.0MB usage:0.00GB budget:0.00GB] resource 0x255c29f1b00 [4240:1040:eFormatRG16F] - 'sl.tag.kBufferTypeMotionVectors.volatile.0'
[23-03-04][streamline][info][tid:9608][2s:772ms:727us]commonEntry.cpp:1170[ngxLog] [NGXDLAA::DLSS_GetOptimalSettings:195] Getting Optimal Settings...
[23-03-04][streamline][info][tid:9608][2s:772ms:740us]commonEntry.cpp:1170[ngxLog] [NGXDLAA::DLSS_GetOptimalSettings:199] Input DisplayWidth: 4240
[23-03-04][streamline][info][tid:9608][2s:772ms:856us]commonEntry.cpp:1170[ngxLog] [NGXDLAA::DLSS_GetOptimalSettings:200] Input DisplayHeight: 1040
[23-03-04][streamline][info][tid:9608][2s:772ms:871us]commonEntry.cpp:1170[ngxLog] [NGXDLAA::DLSS_GetOptimalSettings:202] Input PerfQualityValue: 2
[23-03-04][streamline][info][tid:9608][2s:772ms:880us]commonEntry.cpp:1170[ngxLog] [NGXDLAA::DLSS_GetOptimalSettings:226] Output OptimalWidth: 2827
[23-03-04][streamline][info][tid:9608][2s:772ms:888us]commonEntry.cpp:1170[ngxLog] [NGXDLAA::DLSS_GetOptimalSettings:227] Output OptimalHeight: 693
[23-03-04][streamline][info][tid:9608][2s:772ms:895us]commonEntry.cpp:1170[ngxLog] [NGXDLAA::DLSS_GetOptimalSettings:228] Output DynamicMaxWidth: 4240
[23-03-04][streamline][info][tid:9608][2s:772ms:903us]commonEntry.cpp:1170[ngxLog] [NGXDLAA::DLSS_GetOptimalSettings:229] Output DynamicMaxHeight: 1040
[23-03-04][streamline][info][tid:9608][2s:772ms:916us]commonEntry.cpp:1170[ngxLog] [NGXDLAA::DLSS_GetOptimalSettings:230] Output DynamicMinWidth: 2120
[23-03-04][streamline][info][tid:9608][2s:772ms:923us]commonEntry.cpp:1170[ngxLog] [NGXDLAA::DLSS_GetOptimalSettings:231] Output DynamicMinHeight: 520
[23-03-04][streamline][info][tid:9608][2s:772ms:931us]commonEntry.cpp:1170[ngxLog] [NGXDLAA::DLSS_GetOptimalSettings:232] Output DLSSMode: 1
[23-03-04][streamline][info][tid:9608][2s:772ms:939us]commonEntry.cpp:1170[ngxLog] [NGXDLAA::DLSS_GetOptimalSettings:233] Output Sharpness: 0.350000
[23-03-04][streamline][info][tid:9608][2s:772ms:947us]dlssEntry.cpp:371[dlssBeginEvent] Detected resize, recreating DLSSContext feature
[23-03-04][streamline][info][tid:9608][2s:772ms:955us]generic.cpp:859[destroy] Scheduled to destroy lambda task - frame 0
[23-03-04][streamline][info][tid:9608][2s:772ms:963us]commonEntry.cpp:1169[ngxLog]  app id is 141959980 
[23-03-04][streamline][info][tid:9608][2s:772ms:971us]commonEntry.cpp:1169[ngxLog] [NgxRayReconstruction::FillCreationParams::<lambda_3c5f420f0640ef4ba91d0aefc6f3411b>::operator ():1786] Info: (DLAA) Using Default Overriden Preset Preset_D
[23-03-04][streamline][info][tid:9608][2s:772ms:979us]commonEntry.cpp:1169[ngxLog] [NgxRayReconstruction::FillCreationParams::<lambda_3c5f420f0640ef4ba91d0aefc6f3411b>::operator ():1786] Info: (Quality) Using Default Overriden Preset Preset_D
[23-03-04][streamline][info][tid:9608][2s:772ms:991us]commonEntry.cpp:1169[ngxLog] [NgxRayReconstruction::FillCreationParams::<lambda_3c5f420f0640ef4ba91d0aefc6f3411b>::operator ():1786] Info: (Balanced) Using Default Overriden Preset Preset_D
[23-03-04][streamline][info][tid:9608][2s:773ms:001us]commonEntry.cpp:1169[ngxLog] [NgxRayReconstruction::FillCreationParams::<lambda_3c5f420f0640ef4ba91d0aefc6f3411b>::operator ():1786] Info: (Perf) Using Default Overriden Preset Preset_D
[23-03-04][streamline][info][tid:9608][2s:773ms:009us]commonEntry.cpp:1169[ngxLog] [NgxRayReconstruction::FillCreationParams::<lambda_3c5f420f0640ef4ba91d0aefc6f3411b>::operator ():1786] Info: (UltraPerf) Using Default Overriden Preset Preset_D
[23-03-04][streamline][info][tid:9608][2s:773ms:016us]commonEntry.cpp:1169[ngxLog] [NgxRayReconstruction::FillCreationParams::<lambda_3c5f420f0640ef4ba91d0aefc6f3411b>::operator ():1786] Info: (UltraQuality) Using Default Overriden Preset Preset_D
[23-03-04][streamline][info][tid:9608][2s:773ms:024us]commonEntry.cpp:1169[ngxLog] [NgxDltss::FillCreationParams::<lambda_2e4c96c3f5e2ca3208cc85b6ace3ec50>::operator ():2924] Info: (DLAA) Using App hint Preset K
[23-03-04][streamline][info][tid:9608][2s:773ms:032us]commonEntry.cpp:1169[ngxLog] [NgxDltss::FillCreationParams::<lambda_2e4c96c3f5e2ca3208cc85b6ace3ec50>::operator ():2924] Info: (Quality) Using App hint Preset K
[23-03-04][streamline][info][tid:9608][2s:773ms:040us]commonEntry.cpp:1169[ngxLog] [NgxDltss::FillCreationParams::<lambda_2e4c96c3f5e2ca3208cc85b6ace3ec50>::operator ():2924] Info: (Balanced) Using App hint Preset K
[23-03-04][streamline][info][tid:9608][2s:773ms:082us]commonEntry.cpp:1169[ngxLog] [NgxDltss::FillCreationParams::<lambda_2e4c96c3f5e2ca3208cc85b6ace3ec50>::operator ():2924] Info: (Perf) Using App hint Preset M
[23-03-04][streamline][info][tid:9608][2s:773ms:090us]commonEntry.cpp:1169[ngxLog] [NgxDltss::FillCreationParams::<lambda_2e4c96c3f5e2ca3208cc85b6ace3ec50>::operator ():2924] Info: (UltraPerf) Using App hint Preset L
[23-03-04][streamline][info][tid:9608][2s:773ms:098us]commonEntry.cpp:1169[ngxLog] [NgxDltss::FillCreationParams::<lambda_2e4c96c3f5e2ca3208cc85b6ace3ec50>::operator ():2914] Info: (UltraQuality) App hint Preset Unspecified or Overridden, using title default Preset K
[23-03-04][streamline][info][tid:9608][2s:773ms:107us]commonEntry.cpp:1170[ngxLog] [NGXDLAA::CreateDlssInstance:2030] CreationNodeMask=0x1, VisibilityNodeMask=0x1, Node=0
[23-03-04][streamline][info][tid:9608][2s:773ms:115us]commonEntry.cpp:1170[ngxLog] [NGXDLAA::CreateDlssInstance:2131] InCreationTimeHeight 693
[23-03-04][streamline][info][tid:9608][2s:773ms:122us]commonEntry.cpp:1170[ngxLog] [NGXDLAA::CreateDlssInstance:2133] InDynamicMaxSetDims.Height 1040
[23-03-04][streamline][info][tid:9608][2s:773ms:163us]commonEntry.cpp:1170[ngxLog] [NGXDLAA::CreateDlssInstance:2135] InDynamicMinSetDims.Height 520
[23-03-04][streamline][info][tid:9608][2s:773ms:198us]commonEntry.cpp:1170[ngxLog] [NGXDLAA::CreateDlssInstance:2137] OutHeight 1040
[23-03-04][streamline][info][tid:9608][2s:773ms:210us]commonEntry.cpp:1170[ngxLog] [NGXDLAA::CreateDlssInstance:2138] HDR 1
[23-03-04][streamline][info][tid:9608][2s:773ms:218us]commonEntry.cpp:1170[ngxLog] [NGXDLAA::CreateDlssInstance:2139] Motion Vectors LowRes 1
[23-03-04][streamline][info][tid:9608][2s:773ms:225us]commonEntry.cpp:1170[ngxLog] [NGXDLAA::CreateDlssInstance:2140] Motion Vectors Jittered 1
[23-03-04][streamline][info][tid:9608][2s:773ms:232us]commonEntry.cpp:1170[ngxLog] [NGXDLAA::CreateDlssInstance:2141] Depth Inverted 0
[23-03-04][streamline][info][tid:9608][2s:773ms:239us]commonEntry.cpp:1170[ngxLog] [NGXDLAA::CreateDlssInstance:2142] Do Sharpening 0
[23-03-04][streamline][info][tid:9608][2s:773ms:247us]commonEntry.cpp:1170[ngxLog] [NGXDLAA::CreateDlssInstance:2144] Alpha Upscaling Enabled 0
[23-03-04][streamline][info][tid:9608][2s:773ms:254us]commonEntry.cpp:1170[ngxLog] [NGXDLAA::CreateDlssInstance:2146] PerfQualityValue NVSDK_NGX_PerfQuality_Value_MaxQuality (2)
[23-03-04][streamline][info][tid:9608][2s:773ms:262us]commonEntry.cpp:1170[ngxLog] [NGXDLAA::CreateDlssInstance:2151] DLSS-D Mode NVSDK_NGX_DLSS_Denoise_Mode_Off (0)
[23-03-04][streamline][info][tid:9608][2s:773ms:270us]commonEntry.cpp:1170[ngxLog] [NGXCubinGeneric::CreateBufferResource:707] CUBIN 1D alloc (LumaBuffer), m_allocCount=17, currentSize 4.2 MB, totalSize 238.1 MB
[23-03-04][streamline][info][tid:9608][2s:773ms:278us]generic.cpp:719[manageVRAM] vram alloc [sl.dlss 17 238.0MB usage:0.00GB budget:0.00GB] resource 0x255c288c780 [4409600:1:eFormatINVALID] - 'Unknown'
[23-03-04][streamline][info][tid:9608][2s:773ms:285us]commonEntry.cpp:1170[ngxLog] [NGXCubinGeneric::CreateBufferResource:707] CUBIN 1D alloc (ReduceBuffer), m_allocCount=18, currentSize 4.2 MB, totalSize 242.3 MB
[23-03-04][streamline][info][tid:9608][2s:773ms:519us]generic.cpp:719[manageVRAM] vram alloc [sl.dlss 18 242.0MB usage:0.00GB budget:0.00GB] resource 0x255c2889740 [4409600:1:eFormatINVALID] - 'Unknown'
[23-03-04][streamline][info][tid:9608][2s:773ms:538us]commonEntry.cpp:1170[ngxLog] [NGXCubinGeneric::CreateTexture2DResourceShared:887] CUBIN 2D alloc (AutoExposure), m_allocCount=19, currentSize 0.0 MB, totalSize 242.3 MB
[23-03-04][streamline][info][tid:9608][2s:773ms:764us]generic.cpp:719[manageVRAM] vram alloc [sl.dlss 19 242.0MB usage:0.00GB budget:0.00GB] resource 0x255c29f2790 [1:1:eFormatR16F] - 'Unknown'
[23-03-04][streamline][info][tid:9608][2s:773ms:781us]commonEntry.cpp:1170[ngxLog] [NgxDltss::CreateDlssInstance:3135] Dltss training set is : garrulous_pillbug_424_weightsdesc
[23-03-04][streamline][info][tid:9608][2s:773ms:789us]commonEntry.cpp:1170[ngxLog] [NgxDltss::CreateDlssInstance:3136] Dltss Mask Mode is : INPUT_MASK_COLOR_VARIANCE_ONLY
[23-03-04][streamline][info][tid:9608][2s:773ms:797us]commonEntry.cpp:1170[ngxLog] [NGXCubinGeneric::CreateTexture2DResourceShared:887] CUBIN 2D alloc (LumaResYHistory_0), m_allocCount=20, currentSize 33.6 MB, totalSize 276.0 MB
[23-03-04][streamline][info][tid:9608][2s:774ms:710us]generic.cpp:719[manageVRAM] vram alloc [sl.dlss 20 275.0MB usage:0.00GB budget:0.00GB] resource 0x255c29f0e70 [8480:2080:eFormatR16F] - 'Unknown'
[23-03-04][streamline][info][tid:9608][2s:774ms:728us]commonEntry.cpp:1170[ngxLog] [NGXCubinGeneric::CreateTexture2DResourceShared:887] CUBIN 2D alloc (LumaResYHistory_1), m_allocCount=21, currentSize 33.6 MB, totalSize 309.6 MB
[23-03-04][streamline][info][tid:9608][2s:775ms:714us]generic.cpp:719[manageVRAM] vram alloc [sl.dlss 21 309.0MB usage:0.00GB budget:0.00GB] resource 0x255c29f4d40 [8480:2080:eFormatR16F] - 'Unknown'
[23-03-04][streamline][info][tid:9608][2s:775ms:736us]commonEntry.cpp:1170[ngxLog] [NGXCubinGeneric::CreateTexture2DResourceShared:887] CUBIN 2D alloc (ChromaResYcocgHistoryAndAge_0), m_allocCount=22, currentSize 33.6 MB, totalSize 343.2 MB
[23-03-04][streamline][info][tid:9608][2s:776ms:539us]generic.cpp:719[manageVRAM] vram alloc [sl.dlss 22 343.0MB usage:0.00GB budget:0.00GB] resource 0x255c2ae75d0 [4240:1040:eFormatRGBA16F] - 'Unknown'
[23-03-04][streamline][info][tid:9608][2s:776ms:559us]commonEntry.cpp:1170[ngxLog] [NGXCubinGeneric::CreateTexture2DResourceShared:887] CUBIN 2D alloc (ChromaResYcocgHistoryAndAge_1), m_allocCount=23, currentSize 33.6 MB, totalSize 376.9 MB
[23-03-04][streamline][info][tid:9608][2s:777ms:548us]generic.cpp:719[manageVRAM] vram alloc [sl.dlss 23 376.0MB usage:0.00GB budget:0.00GB] resource 0x255c2ae8ef0 [4240:1040:eFormatRGBA16F] - 'Unknown'
[23-03-04][streamline][info][tid:9608][2s:777ms:566us]commonEntry.cpp:1170[ngxLog] [NGXCubinGeneric::CreateTexture2DResourceShared:887] CUBIN 2D alloc (FoldedResHiddenHistory), m_allocCount=24, currentSize 2.4 MB, totalSize 379.3 MB
[23-03-04][streamline][info][tid:9608][2s:777ms:977us]generic.cpp:719[manageVRAM] vram alloc [sl.dlss 24 379.0MB usage:0.00GB budget:0.00GB] resource 0x255c2ae8260 [1088:288:eFormatRGBA16F] - 'Unknown'
[23-03-04][streamline][info][tid:9608][2s:778ms:005us]commonEntry.cpp:1170[ngxLog] [NGXCubinGeneric::CreateTexture2DResourceShared:887] CUBIN 2D alloc (PreviousFrameExposure), m_allocCount=25, currentSize 0.0 MB, totalSize 379.3 MB
[23-03-04][streamline][info][tid:9608][2s:778ms:253us]generic.cpp:719[manageVRAM] vram alloc [sl.dlss 25 379.0MB usage:0.00GB budget:0.00GB] resource 0x255c2ae9b80 [1:1:eFormatR16F] - 'Unknown'
[23-03-04][streamline][info][tid:9608][2s:778ms:275us]commonEntry.cpp:1170[ngxLog] [NgxDltss::BuildDltssNetwork:3628] Use Neural Pipe overrides fused mode : NGX_DLTSS_FUSED_ALL_LAYERS -> NGX_DLTSS_FUSED_FIRST_LAYERS
[23-03-04][streamline][info][tid:9608][2s:778ms:283us]commonEntry.cpp:1170[ngxLog] [NGXCubinGeneric::CreateBufferResource:707] CUBIN 1D alloc (PaddedWindowAllTensors), m_allocCount=26, currentSize 23.9 MB, totalSize 403.2 MB
[23-03-04][streamline][info][tid:9608][2s:778ms:985us]generic.cpp:719[manageVRAM] vram alloc [sl.dlss 26 403.0MB usage:0.00GB budget:0.00GB] resource 0x255c288a350 [25067520:1:eFormatINVALID] - 'Unknown'
[23-03-04][streamline][info][tid:9608][2s:779ms:021us]commonEntry.cpp:1169[ngxLog] [PaddedWindowNetwork::CreatePaddedWindowNetwork:399] Container0Tensor: 23 MiB allocated
[23-03-04][streamline][info][tid:9608][2s:779ms:030us]commonEntry.cpp:1169[ngxLog] [PaddedWindowNetwork::CreatePaddedWindowNetwork:403] Container1Tensor: 28 MiB aliased
[23-03-04][streamline][info][tid:9608][2s:779ms:037us]commonEntry.cpp:1169[ngxLog] [PaddedWindowNetwork::CreatePaddedWindowNetwork:407] Container2Tensor: 19 MiB aliased
[23-03-04][streamline][info][tid:9608][2s:804ms:137us]commonEntry.cpp:1170[ngxLog] [NGXCubinGeneric::CreateBufferResource:707] CUBIN 1D alloc (WeightsBuffer), m_allocCount=27, currentSize 3.4 MB, totalSize 406.6 MB
[23-03-04][streamline][info][tid:9608][2s:804ms:477us]generic.cpp:719[manageVRAM] vram alloc [sl.dlss 27 406.0MB usage:0.00GB budget:0.00GB] resource 0x255c288dfa0 [3545824:1:eFormatINVALID] - 'Unknown'
[23-03-04][streamline][info][tid:9608][2s:805ms:020us]commonEntry.cpp:1170[ngxLog]  stored create feature dlss handle 2
[23-03-04][streamline][info][tid:9608][2s:805ms:044us]dlssEntry.cpp:479[dlssBeginEvent] Created DLSSContext feature (2827,693)(optimal) -> (4240,1040) for viewport 0
[23-03-04][streamline][info][tid:9608][2s:805ms:054us]dlssEntry.cpp:481[dlssBeginEvent] DLSSContext color_in extents (0,0,4240,1040)
[23-03-04][streamline][info][tid:9608][2s:805ms:062us]dlssEntry.cpp:482[dlssBeginEvent] DLSSContext color_out extents (0,0,4240,1040)
[23-03-04][streamline][info][tid:9608][2s:805ms:069us]dlssEntry.cpp:483[dlssBeginEvent] DLSSContext depth extents (0,0,4240,1040)
[23-03-04][streamline][info][tid:9608][2s:805ms:076us]dlssEntry.cpp:484[dlssBeginEvent] DLSSContext mvec extents (0,0,4240,1040)
[23-03-04][streamline][info][tid:9608][2s:805ms:185us]commonEntry.cpp:1170[ngxLog] [NgxDltss::EvaluateDltss:1658] OutHeight 1040
[23-03-04][streamline][info][tid:9608][2s:805ms:746us]commonEntry.cpp:1170[ngxLog]  Sending Telemetry: DLSS Eval Data
[23-03-04][streamline][info][tid:9608][2s:805ms:771us]commonEntry.cpp:1170[ngxLog]  QualityMode = 3
[23-03-04][streamline][info][tid:9608][2s:805ms:781us]commonEntry.cpp:1170[ngxLog]  DenoiseMode = 0
[23-03-04][streamline][info][tid:9608][2s:805ms:790us]commonEntry.cpp:1170[ngxLog]  Width = 2827
[23-03-04][streamline][info][tid:9608][2s:805ms:797us]commonEntry.cpp:1170[ngxLog]  Height = 693
[23-03-04][streamline][info][tid:9608][2s:805ms:804us]commonEntry.cpp:1170[ngxLog]  OutWidth = 4240
[23-03-04][streamline][info][tid:9608][2s:805ms:811us]commonEntry.cpp:1170[ngxLog]  OutHeight = 1040
[23-03-04][streamline][info][tid:9608][2s:805ms:818us]commonEntry.cpp:1170[ngxLog]  MVScaleX = 1.000000
[23-03-04][streamline][info][tid:9608][2s:805ms:825us]commonEntry.cpp:1170[ngxLog]  MVScaleY = 1.000000
[23-03-04][streamline][info][tid:9608][2s:805ms:832us]commonEntry.cpp:1170[ngxLog]  FullscreenMode = 0
[23-03-04][streamline][info][tid:9608][2s:805ms:839us]commonEntry.cpp:1170[ngxLog]  AutoExposure = 1
[23-03-04][streamline][info][tid:9608][2s:805ms:850us]commonEntry.cpp:1170[ngxLog]  Sharpness = 0.000000
[23-03-04][streamline][info][tid:9608][2s:805ms:858us]commonEntry.cpp:1170[ngxLog]  WeightName = garrulous_pillbug_424,garrulous_pillbug_424_weightsdesc
[23-03-04][streamline][info][tid:9608][2s:805ms:867us]commonEntry.cpp:1170[ngxLog]  WeightVariantName = WEIGHT_MODE_MVEC_DIFF
[23-03-04][streamline][info][tid:9608][2s:805ms:874us]commonEntry.cpp:1170[ngxLog]  DepthInverted = 0
[23-03-04][streamline][info][tid:9608][2s:805ms:882us]commonEntry.cpp:1170[ngxLog]  MVJittered = 1
[23-03-04][streamline][info][tid:9608][2s:805ms:889us]commonEntry.cpp:1170[ngxLog]  ColorExtentWidth = 4240
[23-03-04][streamline][info][tid:9608][2s:805ms:895us]commonEntry.cpp:1170[ngxLog]  ColorExtentHeight = 1040
[23-03-04][streamline][info][tid:9608][2s:805ms:902us]commonEntry.cpp:1170[ngxLog]  ColorExtentBaseX = 0
[23-03-04][streamline][info][tid:9608][2s:805ms:909us]commonEntry.cpp:1170[ngxLog]  ColorExtentBaseY = 0
[23-03-04][streamline][info][tid:9608][2s:805ms:916us]commonEntry.cpp:1170[ngxLog]  MVExtentWidth = 4240
[23-03-04][streamline][info][tid:9608][2s:805ms:923us]commonEntry.cpp:1170[ngxLog]  MVExtentHeight = 1040
[23-03-04][streamline][info][tid:9608][2s:805ms:930us]commonEntry.cpp:1170[ngxLog]  MVExtentBaseX = 0
[23-03-04][streamline][info][tid:9608][2s:805ms:937us]commonEntry.cpp:1170[ngxLog]  MVExtentBaseY = 0
[23-03-04][streamline][info][tid:9608][2s:805ms:944us]commonEntry.cpp:1170[ngxLog]  VRAMAllocated = 426
[23-03-04][streamline][info][tid:9608][2s:805ms:951us]commonEntry.cpp:1170[ngxLog]  appExeName = sl.common.dll
[23-03-04][streamline][info][tid:9608][2s:805ms:957us]commonEntry.cpp:1170[ngxLog]  drsProfileName = 
[23-03-04][streamline][info][tid:9608][2s:805ms:964us]commonEntry.cpp:1170[ngxLog]  drsName = 
[23-03-04][streamline][info][tid:9608][2s:805ms:971us]commonEntry.cpp:1170[ngxLog]  AppIdType = RENDERING_ENGINE
[23-03-04][streamline][info][tid:9608][2s:805ms:978us]commonEntry.cpp:1170[ngxLog]  ProjectId = 535041524B4C45454E47494E45303031
[23-03-04][streamline][info][tid:9608][2s:805ms:986us]commonEntry.cpp:1170[ngxLog]  EngineVersion = SparkleEngine-Development
[23-03-04][streamline][info][tid:9608][2s:805ms:993us]commonEntry.cpp:1170[ngxLog]  EngineType = custom
[23-03-04][streamline][info][tid:9608][2s:806ms:000us]commonEntry.cpp:1170[ngxLog]  cmsId = 0
[23-03-04][streamline][info][tid:9608][2s:806ms:007us]commonEntry.cpp:1170[ngxLog]  gpuDeviceId = 12056
[23-03-04][streamline][info][tid:9608][2s:806ms:013us]commonEntry.cpp:1170[ngxLog]  gpuVendorId = 4318
[23-03-04][streamline][info][tid:9608][2s:806ms:020us]commonEntry.cpp:1170[ngxLog]  gpuSubSys = 349246562
[23-03-04][streamline][info][tid:9608][2s:806ms:027us]commonEntry.cpp:1170[ngxLog]  gpuRev = 161
[23-03-04][streamline][info][tid:9608][2s:806ms:034us]commonEntry.cpp:1170[ngxLog]  ngxSDKVersion = 1.5
[23-03-04][streamline][info][tid:9608][2s:806ms:041us]commonEntry.cpp:1170[ngxLog]  ngxCoreVersion = 1.4.0.0
[23-03-04][streamline][info][tid:9608][2s:806ms:048us]commonEntry.cpp:1170[ngxLog]  ngxFeatureVersion = 310.6.0
[23-03-04][streamline][info][tid:9608][2s:806ms:055us]commonEntry.cpp:1170[ngxLog]  displayDriverVersion = 610.47
[23-03-04][streamline][info][tid:9608][2s:806ms:062us]commonEntry.cpp:1170[ngxLog]  osVersion = 10.0.26100.8457
[23-03-04][streamline][info][tid:9608][2s:806ms:068us]commonEntry.cpp:1170[ngxLog]  APIType = 0
[23-03-04][streamline][info][tid:9608][2s:806ms:075us]commonEntry.cpp:1170[ngxLog]  GpuAPI = 2
[23-03-04][streamline][info][tid:9608][2s:806ms:082us]commonEntry.cpp:1170[ngxLog]  StreamlineVersion = 2,11,1,0
[23-03-04][streamline][info][tid:9608][2s:806ms:089us]commonEntry.cpp:1170[ngxLog]  StreamlineGitSHA = SHA: da40c631 v2.11.1-rc0
[23-03-04][streamline][info][tid:9608][2s:806ms:095us]commonEntry.cpp:1170[ngxLog]  ExeModuleName = ShowcaseEditor.exe
[23-03-04][streamline][info][tid:9608][2s:806ms:102us]commonEntry.cpp:1170[ngxLog]  SnippetSchemaVer = 4.2
[23-03-04][streamline][info][tid:9608][2s:806ms:109us]commonEntry.cpp:1170[ngxLog]  -- END telemetry evaluate data --
[23-03-04][streamline][info][tid:9608][2s:924ms:860us]generic.cpp:719[manageVRAM] vram alloc [sl.common 3 50.0MB usage:0.00GB budget:0.00GB] resource 0x255c2aee6e0 [4240:1040:eFormatRGBA8UN] - 'sl.tag.kBufferTypeScalingInputColor.volatile.0'
[23-03-04][streamline][info][tid:9608][3s:026ms:304us]generic.cpp:719[manageVRAM] vram alloc [sl.common 4 67.0MB usage:0.00GB budget:0.00GB] resource 0x255c2af1920 [4240:1040:eFormatRG16F] - 'sl.tag.kBufferTypeMotionVectors.volatile.0'
[23-03-04][streamline][info][tid:9608][3s:026ms:481us]commonEntry.cpp:1170[ngxLog] [NgxDltss::EvaluateDltss:1667] NeedHistoryReset 0
[23-03-04][streamline][info][tid:9608][3s:140ms:478us]generic.cpp:719[manageVRAM] vram alloc [sl.common 5 84.0MB usage:0.00GB budget:0.00GB] resource 0x255c2af25b0 [4240:1040:eFormatRGBA8UN] - 'sl.tag.kBufferTypeScalingInputColor.volatile.0'
[23-03-05][streamline][info][tid:9608][3s:241ms:131us]generic.cpp:719[manageVRAM] vram alloc [sl.common 6 100.0MB usage:0.00GB budget:0.00GB] resource 0x255c2af3240 [4240:1040:eFormatRG16F] - 'sl.tag.kBufferTypeMotionVectors.volatile.0'
[23-03-05][streamline][info][tid:9608][3s:354ms:403us]generic.cpp:719[manageVRAM] vram alloc [sl.common 7 117.0MB usage:0.00GB budget:0.00GB] resource 0x255c2af0c90 [4240:1040:eFormatRGBA8UN] - 'sl.tag.kBufferTypeScalingInputColor.volatile.0'
[23-03-05][streamline][info][tid:9608][3s:455ms:204us]generic.cpp:719[manageVRAM] vram alloc [sl.common 8 134.0MB usage:0.00GB budget:0.00GB] resource 0x255c2aef370 [4240:1040:eFormatRG16F] - 'sl.tag.kBufferTypeMotionVectors.volatile.0'
[23-03-05][streamline][info][tid:9608][3s:568ms:966us]generic.cpp:719[manageVRAM] vram alloc [sl.common 9 151.0MB usage:0.00GB budget:0.00GB] resource 0x255c2af3ed0 [4240:1040:eFormatRGBA8UN] - 'sl.tag.kBufferTypeScalingInputColor.volatile.0'
[23-03-05][streamline][info][tid:9608][3s:669ms:832us]generic.cpp:719[manageVRAM] vram alloc [sl.common 10 168.0MB usage:0.00GB budget:0.00GB] resource 0x255c2af57f0 [4240:1040:eFormatRG16F] - 'sl.tag.kBufferTypeMotionVectors.volatile.0'
[23-03-05][streamline][info][tid:9608][3s:785ms:042us]generic.cpp:719[manageVRAM] vram alloc [sl.common 11 185.0MB usage:0.00GB budget:0.00GB] resource 0x2533c5e6cd0 [4240:1040:eFormatRGBA8UN] - 'sl.tag.kBufferTypeScalingInputColor.volatile.0'
[23-03-05][streamline][info][tid:9608][3s:885ms:916us]generic.cpp:719[manageVRAM] vram alloc [sl.common 12 201.0MB usage:0.00GB budget:0.00GB] resource 0x255c2ac89e0 [4240:1040:eFormatRG16F] - 'sl.tag.kBufferTypeMotionVectors.volatile.0'
[23-03-05][streamline][info][tid:9608][4s:000ms:418us]generic.cpp:719[manageVRAM] vram alloc [sl.common 13 218.0MB usage:0.00GB budget:0.00GB] resource 0x2533c5e2170 [4240:1040:eFormatRGBA8UN] - 'sl.tag.kBufferTypeScalingInputColor.volatile.0'
[23-03-05][streamline][info][tid:9608][4s:101ms:280us]generic.cpp:719[manageVRAM] vram alloc [sl.common 14 235.0MB usage:0.00GB budget:0.00GB] resource 0x255b9064e70 [4240:1040:eFormatRG16F] - 'sl.tag.kBufferTypeMotionVectors.volatile.0'
[23-03-06][streamline][info][tid:9608][4s:215ms:522us]generic.cpp:719[manageVRAM] vram alloc [sl.common 15 252.0MB usage:0.00GB budget:0.00GB] resource 0x255b90641e0 [4240:1040:eFormatRGBA8UN] - 'sl.tag.kBufferTypeScalingInputColor.volatile.0'
[23-03-06][streamline][info][tid:9608][4s:316ms:416us]generic.cpp:719[manageVRAM] vram alloc [sl.common 16 269.0MB usage:0.00GB budget:0.00GB] resource 0x255b90628c0 [4240:1040:eFormatRG16F] - 'sl.tag.kBufferTypeMotionVectors.volatile.0'
[23-03-06][streamline][info][tid:9608][4s:431ms:454us]generic.cpp:719[manageVRAM] vram alloc [sl.common 17 285.0MB usage:0.00GB budget:0.00GB] resource 0x255b9065b00 [4240:1040:eFormatRGBA8UN] - 'sl.tag.kBufferTypeScalingInputColor.volatile.0'
[23-03-06][streamline][info][tid:9608][4s:532ms:137us]generic.cpp:719[manageVRAM] vram alloc [sl.common 18 302.0MB usage:0.00GB budget:0.00GB] resource 0x255b9063550 [4240:1040:eFormatRG16F] - 'sl.tag.kBufferTypeMotionVectors.volatile.0'
[23-03-06][streamline][info][tid:9608][4s:650ms:566us]generic.cpp:719[manageVRAM] vram alloc [sl.common 19 319.0MB usage:0.00GB budget:0.00GB] resource 0x255b9066790 [4240:1040:eFormatRGBA8UN] - 'sl.tag.kBufferTypeScalingInputColor.volatile.0'
[23-03-06][streamline][info][tid:9608][4s:751ms:443us]generic.cpp:719[manageVRAM] vram alloc [sl.common 20 336.0MB usage:0.00GB budget:0.00GB] resource 0x255b90680b0 [4240:1040:eFormatRG16F] - 'sl.tag.kBufferTypeMotionVectors.volatile.0'
[23-03-06][streamline][info][tid:9608][4s:867ms:131us]generic.cpp:719[manageVRAM] vram alloc [sl.common 21 353.0MB usage:0.00GB budget:0.00GB] resource 0x255b9068d40 [4240:1040:eFormatRGBA8UN] - 'sl.tag.kBufferTypeScalingInputColor.volatile.0'
[23-03-06][streamline][info][tid:9608][4s:967ms:951us]generic.cpp:719[manageVRAM] vram alloc [sl.common 22 370.0MB usage:0.00GB budget:0.00GB] resource 0x255b906a660 [4240:1040:eFormatRG16F] - 'sl.tag.kBufferTypeMotionVectors.volatile.0'
[23-03-06][streamline][info][tid:9608][5s:083ms:874us]generic.cpp:719[manageVRAM] vram alloc [sl.common 23 386.0MB usage:0.00GB budget:0.00GB] resource 0x255b906b2f0 [4240:1040:eFormatRGBA8UN] - 'sl.tag.kBufferTypeScalingInputColor.volatile.0'
[23-03-07][streamline][info][tid:9608][5s:184ms:782us]generic.cpp:719[manageVRAM] vram alloc [sl.common 24 403.0MB usage:0.00GB budget:0.00GB] resource 0x255b906bf80 [4240:1040:eFormatRG16F] - 'sl.tag.kBufferTypeMotionVectors.volatile.0'
[23-03-07][streamline][info][tid:9608][5s:298ms:744us]generic.cpp:719[manageVRAM] vram alloc [sl.common 25 420.0MB usage:0.00GB budget:0.00GB] resource 0x255b9067420 [4240:1040:eFormatRGBA8UN] - 'sl.tag.kBufferTypeScalingInputColor.volatile.0'
[23-03-07][streamline][info][tid:9608][5s:399ms:542us]generic.cpp:719[manageVRAM] vram alloc [sl.common 26 437.0MB usage:0.00GB budget:0.00GB] resource 0x255b90699d0 [4240:1040:eFormatRG16F] - 'sl.tag.kBufferTypeMotionVectors.volatile.0'
[23-03-07][streamline][info][tid:9608][5s:513ms:159us]generic.cpp:719[manageVRAM] vram alloc [sl.common 27 454.0MB usage:0.00GB budget:0.00GB] resource 0x255b906cc10 [4240:1040:eFormatRGBA8UN] - 'sl.tag.kBufferTypeScalingInputColor.volatile.0'
[23-03-07][streamline][info][tid:9608][5s:613ms:959us]generic.cpp:719[manageVRAM] vram alloc [sl.common 28 470.0MB usage:0.00GB budget:0.00GB] resource 0x255b906fe50 [4240:1040:eFormatRG16F] - 'sl.tag.kBufferTypeMotionVectors.volatile.0'
[23-03-07][streamline][info][tid:9608][5s:728ms:133us]generic.cpp:719[manageVRAM] vram alloc [sl.common 29 487.0MB usage:0.00GB budget:0.00GB] resource 0x255b906d8a0 [4240:1040:eFormatRGBA8UN] - 'sl.tag.kBufferTypeScalingInputColor.volatile.0'
[23-03-07][streamline][info][tid:9608][5s:829ms:068us]generic.cpp:719[manageVRAM] vram alloc [sl.common 30 504.0MB usage:0.00GB budget:0.00GB] resource 0x255b9071770 [4240:1040:eFormatRG16F] - 'sl.tag.kBufferTypeMotionVectors.volatile.0'
[23-03-07][streamline][info][tid:9608][5s:942ms:860us]generic.cpp:719[manageVRAM] vram alloc [sl.common 31 521.0MB usage:0.00GB budget:0.00GB] resource 0x255b906f1c0 [4240:1040:eFormatRGBA8UN] - 'sl.tag.kBufferTypeScalingInputColor.volatile.0'
[23-03-07][streamline][info][tid:9608][6s:043ms:694us]generic.cpp:719[manageVRAM] vram alloc [sl.common 32 538.0MB usage:0.00GB budget:0.00GB] resource 0x255b9070ae0 [4240:1040:eFormatRG16F] - 'sl.tag.kBufferTypeMotionVectors.volatile.0'
[23-03-08][streamline][info][tid:9608][6s:157ms:082us]generic.cpp:719[manageVRAM] vram alloc [sl.common 33 555.0MB usage:0.00GB budget:0.00GB] resource 0x255b906e530 [4240:1040:eFormatRGBA8UN] - 'sl.tag.kBufferTypeScalingInputColor.volatile.0'
[23-03-08][streamline][info][tid:9608][6s:257ms:820us]generic.cpp:719[manageVRAM] vram alloc [sl.common 34 571.0MB usage:0.00GB budget:0.00GB] resource 0x255b90f27d0 [4240:1040:eFormatRG16F] - 'sl.tag.kBufferTypeMotionVectors.volatile.0'
[23-03-08][streamline][info][tid:9608][6s:371ms:300us]generic.cpp:719[manageVRAM] vram alloc [sl.common 35 588.0MB usage:0.00GB budget:0.00GB] resource 0x255b90f4d80 [4240:1040:eFormatRGBA8UN] - 'sl.tag.kBufferTypeScalingInputColor.volatile.0'
[23-03-08][streamline][info][tid:9608][6s:472ms:114us]generic.cpp:719[manageVRAM] vram alloc [sl.common 36 605.0MB usage:0.00GB budget:0.00GB] resource 0x255b90f66a0 [4240:1040:eFormatRG16F] - 'sl.tag.kBufferTypeMotionVectors.volatile.0'
[23-03-08][streamline][info][tid:9608][6s:585ms:721us]generic.cpp:719[manageVRAM] vram alloc [sl.common 37 622.0MB usage:0.00GB budget:0.00GB] resource 0x255b90f40f0 [4240:1040:eFormatRGBA8UN] - 'sl.tag.kBufferTypeScalingInputColor.volatile.0'
[23-03-08][streamline][info][tid:9608][6s:686ms:535us]generic.cpp:719[manageVRAM] vram alloc [sl.common 38 639.0MB usage:0.00GB budget:0.00GB] resource 0x255b90f1b40 [4240:1040:eFormatRG16F] - 'sl.tag.kBufferTypeMotionVectors.volatile.0'
[23-03-08][streamline][info][tid:9608][6s:800ms:301us]generic.cpp:719[manageVRAM] vram alloc [sl.common 39 656.0MB usage:0.00GB budget:0.00GB] resource 0x255b90f5a10 [4240:1040:eFormatRGBA8UN] - 'sl.tag.kBufferTypeScalingInputColor.volatile.0'
[23-03-08][streamline][info][tid:9608][6s:901ms:014us]generic.cpp:719[manageVRAM] vram alloc [sl.common 40 672.0MB usage:0.00GB budget:0.00GB] resource 0x255b90f3460 [4240:1040:eFormatRG16F] - 'sl.tag.kBufferTypeMotionVectors.volatile.0'
[23-03-08][streamline][info][tid:9608][7s:014ms:810us]generic.cpp:719[manageVRAM] vram alloc [sl.common 41 689.0MB usage:0.00GB budget:0.00GB] resource 0x255b90fa570 [4240:1040:eFormatRGBA8UN] - 'sl.tag.kBufferTypeScalingInputColor.volatile.0'
[23-03-08][streamline][info][tid:9608][7s:115ms:518us]generic.cpp:719[manageVRAM] vram alloc [sl.common 42 706.0MB usage:0.00GB budget:0.00GB] resource 0x255b90fb200 [4240:1040:eFormatRG16F] - 'sl.tag.kBufferTypeMotionVectors.volatile.0'
[23-03-09][streamline][info][tid:9608][7s:228ms:719us]generic.cpp:719[manageVRAM] vram alloc [sl.common 43 723.0MB usage:0.00GB budget:0.00GB] resource 0x255b90f98e0 [4240:1040:eFormatRGBA8UN] - 'sl.tag.kBufferTypeScalingInputColor.volatile.0'
[23-03-09][streamline][info][tid:9608][7s:329ms:484us]generic.cpp:719[manageVRAM] vram alloc [sl.common 44 740.0MB usage:0.00GB budget:0.00GB] resource 0x255b90f7fc0 [4240:1040:eFormatRG16F] - 'sl.tag.kBufferTypeMotionVectors.volatile.0'
[23-03-09][streamline][info][tid:9608][7s:443ms:254us]generic.cpp:719[manageVRAM] vram alloc [sl.common 45 756.0MB usage:0.00GB budget:0.00GB] resource 0x255b90f8c50 [4240:1040:eFormatRGBA8UN] - 'sl.tag.kBufferTypeScalingInputColor.volatile.0'
[23-03-09][streamline][info][tid:9608][7s:543ms:975us]generic.cpp:719[manageVRAM] vram alloc [sl.common 46 773.0MB usage:0.00GB budget:0.00GB] resource 0x255b90fbe90 [4240:1040:eFormatRG16F] - 'sl.tag.kBufferTypeMotionVectors.volatile.0'
[23-03-09][streamline][info][tid:9608][7s:657ms:644us]generic.cpp:719[manageVRAM] vram alloc [sl.common 47 790.0MB usage:0.00GB budget:0.00GB] resource 0x255b90f7330 [4240:1040:eFormatRGBA8UN] - 'sl.tag.kBufferTypeScalingInputColor.volatile.0'
[23-03-09][streamline][info][tid:9608][7s:758ms:429us]generic.cpp:719[manageVRAM] vram alloc [sl.common 48 807.0MB usage:0.00GB budget:0.00GB] resource 0x255b90ffd60 [4240:1040:eFormatRG16F] - 'sl.tag.kBufferTypeMotionVectors.volatile.0'
[23-03-09][streamline][info][tid:9608][7s:874ms:037us]generic.cpp:719[manageVRAM] vram alloc [sl.common 49 824.0MB usage:0.00GB budget:0.00GB] resource 0x255b90fd7b0 [4240:1040:eFormatRGBA8UN] - 'sl.tag.kBufferTypeScalingInputColor.volatile.0'
[23-03-09][streamline][info][tid:9608][7s:974ms:900us]generic.cpp:719[manageVRAM] vram alloc [sl.common 50 841.0MB usage:0.00GB budget:0.00GB] resource 0x255b90fcb20 [4240:1040:eFormatRG16F] - 'sl.tag.kBufferTypeMotionVectors.volatile.0'
[23-03-09][streamline][info][tid:9608][8s:088ms:331us]generic.cpp:719[manageVRAM] vram alloc [sl.common 51 857.0MB usage:0.00GB budget:0.00GB] resource 0x255b90fe440 [4240:1040:eFormatRGBA8UN] - 'sl.tag.kBufferTypeScalingInputColor.volatile.0'
[23-03-10][streamline][info][tid:9608][8s:189ms:130us]generic.cpp:719[manageVRAM] vram alloc [sl.common 52 874.0MB usage:0.00GB budget:0.00GB] resource 0x255b90ff0d0 [4240:1040:eFormatRG16F] - 'sl.tag.kBufferTypeMotionVectors.volatile.0'
[23-03-10][streamline][info][tid:9608][8s:302ms:927us]generic.cpp:719[manageVRAM] vram alloc [sl.common 53 891.0MB usage:0.00GB budget:0.00GB] resource 0x255b91009f0 [4240:1040:eFormatRGBA8UN] - 'sl.tag.kBufferTypeScalingInputColor.volatile.0'
[23-03-10][streamline][info][tid:9608][8s:403ms:684us]generic.cpp:719[manageVRAM] vram alloc [sl.common 54 908.0MB usage:0.00GB budget:0.00GB] resource 0x255b9125c00 [4240:1040:eFormatRG16F] - 'sl.tag.kBufferTypeMotionVectors.volatile.0'
[23-03-10][streamline][info][tid:9608][8s:517ms:363us]generic.cpp:719[manageVRAM] vram alloc [sl.common 55 925.0MB usage:0.00GB budget:0.00GB] resource 0x255b91229c0 [4240:1040:eFormatRGBA8UN] - 'sl.tag.kBufferTypeScalingInputColor.volatile.0'
[23-03-10][streamline][info][tid:9608][8s:618ms:150us]generic.cpp:719[manageVRAM] vram alloc [sl.common 56 941.0MB usage:0.00GB budget:0.00GB] resource 0x255b9126890 [4240:1040:eFormatRG16F] - 'sl.tag.kBufferTypeMotionVectors.volatile.0'
[23-03-10][streamline][info][tid:9608][8s:731ms:555us]generic.cpp:719[manageVRAM] vram alloc [sl.common 57 958.0MB usage:0.00GB budget:0.00GB] resource 0x255b9124f70 [4240:1040:eFormatRGBA8UN] - 'sl.tag.kBufferTypeScalingInputColor.volatile.0'
[23-03-10][streamline][info][tid:9608][8s:832ms:254us]generic.cpp:719[manageVRAM] vram alloc [sl.common 58 975.0MB usage:0.00GB budget:0.00GB] resource 0x255b9127520 [4240:1040:eFormatRG16F] - 'sl.tag.kBufferTypeMotionVectors.volatile.0'
[23-03-10][streamline][info][tid:9608][8s:946ms:862us]generic.cpp:719[manageVRAM] vram alloc [sl.common 59 992.0MB usage:0.00GB budget:0.00GB] resource 0x255b9123650 [4240:1040:eFormatRGBA8UN] - 'sl.tag.kBufferTypeScalingInputColor.volatile.0'
[23-03-10][streamline][info][tid:9608][9s:047ms:623us]generic.cpp:719[manageVRAM] vram alloc [sl.common 60 1009.0MB usage:0.00GB budget:0.00GB] resource 0x255b912b3f0 [4240:1040:eFormatRG16F] - 'sl.tag.kBufferTypeMotionVectors.volatile.0'
[23-03-11][streamline][info][tid:9608][9s:161ms:021us]generic.cpp:719[manageVRAM] vram alloc [sl.common 61 1026.0MB usage:0.00GB budget:0.00GB] resource 0x255b91242e0 [4240:1040:eFormatRGBA8UN] - 'sl.tag.kBufferTypeScalingInputColor.volatile.0'
[23-03-11][streamline][info][tid:9608][9s:261ms:828us]generic.cpp:719[manageVRAM] vram alloc [sl.common 62 1042.0MB usage:0.00GB budget:0.00GB] resource 0x255b912a760 [4240:1040:eFormatRG16F] - 'sl.tag.kBufferTypeMotionVectors.volatile.0'
[23-03-11][streamline][info][tid:9608][9s:375ms:672us]generic.cpp:719[manageVRAM] vram alloc [sl.common 63 1059.0MB usage:0.00GB budget:0.00GB] resource 0x255b912c080 [4240:1040:eFormatRGBA8UN] - 'sl.tag.kBufferTypeScalingInputColor.volatile.0'
[23-03-11][streamline][info][tid:9608][9s:476ms:427us]generic.cpp:719[manageVRAM] vram alloc [sl.common 64 1076.0MB usage:0.00GB budget:0.00GB] resource 0x255b9129ad0 [4240:1040:eFormatRG16F] - 'sl.tag.kBufferTypeMotionVectors.volatile.0'
[23-03-11][streamline][error][tid:9608][9s:822ms:679us]commonInterface.cpp:546[slEvaluateFeatureInternal] Streamline presentCommon() was not observed. Ensure the common plugin's presentCommon() function is invoked every frame. Without presentCommon(), internal bookkeeping and garbage collection will not run.
